id,title,description,price,created_at,user_type,is_elite_seller,fair_price_flag,state,city,area,image_count,brand,age_months,condition_score,gear_count,is_shop_listing,condition_score_missing,age_months_missing,gear_count_missing
1856796686,Child bicycle bilkul fresh for sale,Child bicycle bilkul fresh for sale no use,5000,2026-09-25T23:04:20+05:30,Regular,False,False,Jammu & Kashmir,Jammu,Canal Road,2,Hero,3.5,0.0,0.0,False,1,1,1
1856773206,Cycle - HUGE HDT 20 (MTB bike),"MTB cycle for sell.
HUGE HDT 20
ALL papers Available
Brand new condition.
Regularly Serviced.
Equipped with:-
Lights
Horn
Cushion
Reason for selling:- Shifted to Bike",9999,2026-09-25T18:47:52+05:30,Regular,False,False,Assam,Biswanath Chariali,Bam Gaon,9,Other Brands,12.0,3.0,0.0,False,0,1,1
1856787463,Condition okay,1years us only,2500,2026-09-25T21:10:51+05:30,Regular,False,False,Maharashtra,Pune,Kondhwa Khurd,1,Other Brands,12.0,0.0,0.0,False,1,0,1
1856792183,Battery cycle,hero electric cycle,38000,2026-09-25T22:05:46+05:30,Regular,False,False,Tamil Nadu,Krishnagiri,Kothapetta,3,Hero,3.5,0.0,0.0,False,1,1,1
1851443287,Schnell Bikes (2 numbers),"21 Shimano geared bikes with accessories like carrier, water bottle holder, underseat red blinker",37000,2026-09-14T16:44:03+05:30,Regular,False,False,Maharashtra,Pune,Pashan,12,Other Brands,12.0,0.0,0.0,False,1,1,1
1856781360,Fat bike gear cycle for adult good condition in low price,Selling a good fat bike only  less than 2 year used,7999,2026-09-25T20:06:29+05:30,Regular,False,False,Jharkhand,Ranchi,Kokar,3,Firefox,24.0,2.0,0.0,False,0,0,1
1852268301,Firefox Road Runner PRO D PLUS ALMOST NEW,"The Firefox Road Runner Pro D Plus is a 21-speed hybrid city bicycle. 

It features a lightweight alloy frame, a Zoom hydraulic lockout front suspension fork with 65mm travel, Tektro mechanical disc brakes, and 700c tires, making it ideal for urban commuting and fitness rides.

Key Specifications
Frame: Alloy hybrid frame
Gears: 21-Speed with Microshift TS38 shifters
Brakes: Tektro mechanical disc brakes for reliable stopping power
Fork: Zoom hydraulic suspension with lockout and 65mm travel
Wheels: 700c double-wall alloy rims with Wanda 700x35c tires",16000,2026-08-13T10:27:28+05:30,Regular,True,False,Delhi,Delhi,Naraina,6,Firefox,4.5,3.0,0.0,False,0,1,1
1856781087,Hercules 21 gear bi cycle,"Hercules 21 gear bi cycle w, rarely used",8000,2026-09-25T20:03:46+05:30,Regular,False,False,Telangana,Hyderabad,Padmavathi Colony,1,Hercules,6.5,0.0,21.0,False,1,1,0
1856779354,Urgent  need money Urgent sell,I buy bike . So urgent  need,5000,2026-09-25T19:46:12+05:30,Regular,False,False,Punjab,Mohali,Landran,2,Hero,3.5,0.0,0.0,False,1,1,1
1856786346,Selling my bicycle,i want to sell my bicycle which has dual disc brakes,2900,2026-09-25T21:24:08+05:30,Regular,False,False,Jammu & Kashmir,Jammu,Gurha Bhramna,4,Other Brands,12.0,0.0,0.0,False,1,1,1
1855939030,Cradiac XC 900 24-Speed MTB | 27.5T Alloy Frame | Excellent Condition,"Selling my well-maintained Cradiac XC 900 mountain bike. It's a powerful 24-speed MTB with a lightweight 6061 alloy frame and 27.5-inch wheels, perfect for both city commutes and off-road trails.

Key Features:

· Frame: 6061 Alloy (Lightweight & Durable)
· Gears: 24-Speed Shimano (Altus/Acera) for smooth, reliable shifting
· Suspension: Zoom Lock-out Suspension with adjustable preload
· Tires: 27.5T for great grip and stability
· Brakes: Disc Brakes (Front & Rear) for safe stopping power

The bike has been used lightly and is in great condition with no major scratches or mechanical issues. All parts are original and well-maintained. It is ideally suited for riders between 5.3 ft and 5.7 ft tall.

Perfect for anyone looking for a high-performance cycle without the new-bike price tag.

Serious buyers only. Price is negotiable. Please contact for a test ride.",18500,2026-09-17T16:32:23+05:30,Regular,False,False,Goa,Calangute,Gauravaddo East,2,Other Brands,12.0,3.0,0.0,False,0,1,1
1856761167,Tata stryder  Ranger bicycle,A well conditioned 4yr old bicycle,3999,2026-09-25T16:44:53+05:30,Regular,False,False,West Bengal,Kolkata,Sodepur,3,Other Brands,12.0,0.0,0.0,False,1,1,1
1856774554,Leader bicycle (blue),It's leader 26T bicycle with blue colour. Well maintained and in a great condition. I used it for office travel ( 1.2km). There is nothing wrong in the cycle just selling it because I'm moving to other place to better to someone use it instead of throwing it away or carrying it with me.,3700,2026-09-25T18:58:03+05:30,Regular,False,False,Gujarat,Ahmedabad,Motera,6,Leader,60.0,0.0,0.0,False,1,1,1
1848479019,HUGE T 20 Pro edition with numerical lock chain & sports cycle helmet,"Super light weight metal Alloy frame

16 Gear 

6-7 speed 

Adjustable  seat height 

Shock absorbing Front wheels shockers


Very good condition with

Sports cycle helmet",13000,2026-09-05T13:44:32+05:30,Regular,True,False,Rajasthan,Sikar,Doliyon Ka Bass,11,Other Brands,12.0,2.0,16.0,False,0,1,0
1856798290,Used cycles,"Big cycle is for 2k 
Small cycle is for 1k 
Buy both for 2.5k
(Big cycle gear is damaged)
(Small cycle is rusted)",2500,2026-09-25T23:30:39+05:30,Regular,False,False,Maharashtra,Navi Mumbai,Taloja Panchanand,6,Hero,3.5,1.0,0.0,False,0,1,1
1841292496,Bergamont Grandurance Road Bike For Sale,Bergamont Grandurance Road Bike For Sale,46000,2026-09-01T03:08:27+05:30,Regular,False,False,Maharashtra,Pune,Kalyani Nagar,10,Scott,12.0,0.0,0.0,False,1,1,1
1851020866,WeREV Branded Battery Cycle,"Excellent Condition. 
Less used only.",19999,2026-09-06T13:18:56+05:30,Regular,False,False,Telangana,Pothreddipalle,MRF Colony,7,Other Brands,12.0,3.0,0.0,False,0,1,1
1856799803,Fat bike A-one company,Fat bike big tyres only 1 year old low used,14000,2026-09-26T00:01:44+05:30,Regular,False,False,Maharashtra,Hinganghat,Shastri Ward,6,Other Brands,12.0,0.0,0.0,False,1,0,1
1856796912,Ranger hero cycle fat tyre,"Mudguard also available 
Front and back disc brakes 
For adult",6000,2026-09-25T23:07:52+05:30,Regular,False,False,Assam,Silchar,Tarapur Pt V,3,Hero,3.5,0.0,0.0,False,1,1,1
1856788698,Tata strider 26,"Tata strider 26"" bycycle in well maintained condition",3500,2026-09-25T21:24:39+05:30,Regular,False,False,Chandigarh,Chandigarh,New Chandigarh,4,Other Brands,12.0,0.0,0.0,False,1,1,1
1856798514,New condition cycle,"Look good
Less use",7000,2026-09-25T23:35:17+05:30,Regular,False,False,Rajasthan,Jodhpur,Unknown,4,Other Brands,12.0,3.0,0.0,False,0,1,1
1856800661,Power Sport fomas,gear cycle,3000,2026-09-26T00:22:37+05:30,Regular,False,False,Uttar Pradesh,Lucknow,Sadr Bazar Area,2,Hero,3.5,0.0,0.0,False,1,1,1
1856776305,Cycle selling,Cycle bejena hai,2200,2026-09-25T19:15:52+05:30,Regular,False,False,Madhya Pradesh,Indore,Chandan Nagar,1,Hero,3.5,0.0,0.0,False,1,1,1
1856763135,3200 final rate,3200 final rate new town market burnpur asansol,3200,2026-09-25T17:04:10+05:30,Regular,False,False,West Bengal,Asansol Mc,Barachok,4,Leader,60.0,3.0,0.0,False,0,1,1
1856767663,Cycle  thik condition hai,Bike leni hai,2999,2026-09-25T17:48:55+05:30,Regular,False,False,Uttar Pradesh,Aligarh,Indra Nagar,4,Other Brands,12.0,0.0,0.0,False,1,1,1
1856766225,Raleigh Bicycle with big tyre also known as Fat Bike,Gear cycle with big tyres,14999,2026-09-25T17:35:06+05:30,Regular,False,False,Maharashtra,Boisar,Ashutosh Nagar,3,Other Brands,12.0,0.0,0.0,False,1,1,1
1856783167,Gym cycle for sale,Gym cycle for sale sparingly uses,3000,2026-09-25T20:25:16+05:30,Regular,False,False,Karnataka,Bengaluru,Berlie Street,2,G Sports,4.0,0.0,0.0,False,1,1,1
1856769203,NEW BRAND FIRE CATCHER BYCYCLE,"BRAND NAME - FIRE CATCHER, SPECIALITY - FOLDABLE, SHIMANO GEARS, SHOCKERS AND BEST QUALITY BREAKS AND TYRES.",9500,2026-09-25T18:28:05+05:30,Regular,False,False,Delhi,Delhi,Mohan Garden,2,Other Brands,12.0,3.0,0.0,False,0,1,1
1856763161,6 month Old,Ab maine bike le li hai..,6500,2026-09-25T17:04:27+05:30,Regular,False,False,Uttaranchal,Piran Kaliyar,Mukarrabpur,5,Hrx,6.0,0.0,0.0,False,1,0,1
1856770106,सायकल for सेल,सायकल for सेल,9500,2026-09-25T18:12:37+05:30,Regular,False,False,Madhya Pradesh,Rewa,Chhatrapati Nagar,1,Other Brands,12.0,0.0,0.0,False,1,1,1
1856796029,Bridj company cycle,In good condition,2500,2026-09-25T22:54:27+05:30,Regular,False,False,Maharashtra,Wardha,Arvi Road Area,3,Other Brands,12.0,2.0,0.0,False,0,1,1
1852059075,Electric cycle,"Emotorad x1
All parts are repaired and some parts are new and original.

Now it's price is 28000rs",22400,2026-08-18T06:00:41+05:30,Regular,False,False,Karnataka,Honavar,Kulkod,2,Other Brands,12.0,3.0,0.0,False,0,1,1
1856762020,Merko meri cycles sell kar na hey key aap lu gey dost,Merko meri cycles sell kar na hey,4000,2026-09-25T19:02:29+05:30,Regular,False,False,Madhya Pradesh,Kukshi,Unknown,1,Other Brands,12.0,0.0,0.0,False,1,1,1
1856787168,Bicycle selling,"Title: Used Bicycle for Sale – Good Condition | ₹3,500

Description: Used bicycle for sale at ₹3,500.

 Regular bicycle (non-electric)
✅ Used condition
 Selling price: ₹3,500
 Location: Ruby near science City 

Good for daily riding, exercise, and short-distance travel. Interested buyers can contact me for more details.",3500,2026-09-25T21:07:47+05:30,Regular,False,False,West Bengal,Kolkata,Kasba Industrial Estate,6,Other Brands,12.0,2.0,0.0,False,0,1,1
1856774312,Almost NEW stylish bicycle | First hand with adjustable seat.,"Planning to sell the almost new stylish bicycle, orange color. Branded bicycle for all genders. Suitable for adults and teenagers.",5000,2026-09-25T18:55:39+05:30,Regular,False,False,Delhi,Delhi,Hari Nagar,5,Hero,3.5,3.0,0.0,False,0,1,1
1856778619,Avis cycle,With disk break and gear,3410,2026-09-25T19:38:57+05:30,Regular,False,False,Gujarat,Surat,Shanti Nagar CHS,5,Other Brands,12.0,0.0,0.0,False,1,1,1
1856793305,Ninety One Barcelona 27.5T | 21-Speed | Disc Brakes | Good Condition,"Ninety One Barcelona 27.5T MTB bicycle in good condition. 21-speed Shimano gears, front suspension, disc brakes, alloy frame and fat MTB tyres. Bike is well maintained and rides smoothly. No major damage or issues. Selling due to personal reasons. Suitable for daily rides, fitness, and city cycling.

Original price: ₹22,500 | Asking price: ₹14,000 (slightly negotiable).",14000,2026-09-25T22:19:32+05:30,Regular,False,False,Uttar Pradesh,Allahabad,Karailabagh,6,Ninety One,12.0,2.0,0.0,False,0,1,1
1856800001,Rock Rider Bicycle : A Product of Decathlon," Well-Maintained Geared Bicycle – 7 Gears | Fully Loaded with Accessories

Price: ₹5,999 (Slightly Negotiable)

Selling a well-maintained geared bicycle in good condition. Perfect for daily commuting, fitness, cycling, and recreational rides.

⭐ Key Features:

- ⚙️ 7-Speed Geared Cycle
-  Well maintained & smooth to ride
-  Fully loaded with useful accessories
-  Comfortable and suitable for daily use
- ✨ Good overall condition
-  Ready to ride — no major work required

 Asking Price: ₹5,999
Negotiation: Slightly negotiable for a genuine buyer.

 Interested buyers can contact me for more details or to inspect the bicycle.",5999,2026-09-26T00:08:13+05:30,Regular,False,False,Punjab,Amritsar,Khalsa College & Guru Nanak Dev University Area,4,Other Brands,12.0,2.0,7.0,False,0,1,0
1856770262,Good condition,Good condition,3200,2026-09-25T18:16:58+05:30,Regular,False,False,Kerala,Kottayam,Kanjirapally,1,Other Brands,12.0,2.0,0.0,False,0,1,1
1856801236,Pillar Bikes (Tuscan Cycle),"Brand New Condition-1 year Old  20-inch Cycle, children's bicycle is best suited for kids/Boys",3000,2026-09-26T00:37:49+05:30,Regular,False,False,Maharashtra,Nashik,Rahanuma Nagar,5,Other Brands,12.0,3.0,0.0,False,0,1,1
1856763683,Urban terrain,Bicycle good condition 2 months old,5000,2026-09-25T17:09:36+05:30,Regular,False,False,Andhra Pradesh,Ongole,Annavarappadu Colony,2,Triban,2.0,2.0,0.0,False,0,0,1
1856767762,29 inch. Very good condition.,"Serviced & Very good condition, used for 2 u
Years by my son to go to college. 29inch big size, 
Pedal, brake cable , greasing and oiling done on 25th sept 2026. Want to sell it ASAP.  Please see the cycle before any negotiation",5000,2026-09-25T17:50:00+05:30,Regular,False,False,Maharashtra,Mumbai,Andheri East,7,Firefox,4.5,2.0,0.0,False,0,1,1
1852268673,RALEIGH NAVARRO 21 GEAR MTB KIDS CYCLE 10- 14 yr old Almost new,"Raleigh Navarro 21 Speed MTB 

Built for smooth and confident riding. Featuring Shimano Tourney gearing, suspension fork, mechanical disc brakes and wide 2.40 tyres, it delivers comfort, control and reliable everyday performance.
Key specifications 
Frame : Hi-Ten Steel with Internal Cable Routing
Fork : Raleigh Suspension Fork
Bottom Bracket : Sealed Cartridge
Crank Set : 24x34x42T 152mm Steel PVC Plastified
Pedal : PVC
Front Derailleur : Shimano Tourney FD-TY300
Rear Derailleur :  Shimano Tourney RD-TY300 (7 Speed)
Shifterr : Shimano ST-EF500 (3x7 Speed)
Freewheel: 7 Speed
Chain : 1/2"" x 3/32""
Rims : Double Wall Alloy Rims 36H
Hubs : Bearing Sealed 36H Steel with Front Q/R
Tires : 24 x 2.40""
Brake Set : Mechanical Disc Brakes
Head Set
Head Set
Threadless
Handle Bar : Steel
Handle Grips : Soft Rubber Compound
Saddle : PU Foam",8500,2026-09-24T09:00:01+05:30,Regular,True,False,Delhi,Delhi,Naraina,5,Other Brands,12.0,3.0,21.0,False,0,1,0
1856769450,In good condition all parts are original with new tyres,Black colour cycle,4500,2026-09-25T18:06:04+05:30,Regular,False,False,Jharkhand,Bokaro Steel City,Chas,3,Hercules,6.5,3.0,0.0,False,0,1,1
1856760950,1200 rs cycle,Cycle in good condition good for 5 to 9 years,1200,2026-09-25T16:43:51+05:30,Regular,False,False,Gujarat,Ahmedabad,ONGC Colony,3,Other Brands,12.0,2.0,0.0,False,0,1,1
1856789232,Ranger cycle,"Hilighter green colour avon cycle,,, in very good condition",1500,2026-09-25T21:31:11+05:30,Regular,False,False,Uttar Pradesh,Meerut,Ved Vyas Puri,5,Atlas,12.0,2.0,0.0,False,0,1,1
1856782812,Creto bicycle 6 months old,In good condition,6999,2026-09-25T20:30:27+05:30,Regular,False,False,Karnataka,Karwar,Kajubagh,1,Other Brands,6.0,2.0,0.0,False,0,0,1
1856775308,Owpee cycle,"OWPEE Bicycle for Sale – Good Condition 
Selling my OWPEE bicycle in good condition. It has been lightly used and is well maintained. The bicycle rides smoothly and is in good working condition.
 Brand: OWPEE
 Condition: Good / Well maintained
 Usage: Lightly used
 Appearance: Looks almost like new
 Note: Minor colour fading due to use, but overall the bicycle looks very good.
Reason for selling: Not using it regularly.
Interested buyers can contact me. Price is negotiable for genuine buyers.",6000,2026-09-25T19:05:56+05:30,Regular,False,False,Telangana,Warangal,NIT Quarters,6,Other Brands,12.0,3.0,0.0,False,0,1,1
1856763977,Streethwak girl cycle in pink colour,"Seeling streethwak girl cycle , detail are given below.                                                         1. Pink colour                                                          2. Old condition.                                                     3. Original paint.                                                     4. No dent.                                                              5. Very less used.                                                   Only genuine buyer cantact me. Price little bit negotiable",2000,2026-09-25T17:12:44+05:30,Regular,False,False,Uttar Pradesh,Ghaziabad,Christian Nagar,3,Bsa,12.0,0.0,0.0,False,1,1,1
1856788242,Bycycle selling,Not gear just chain loose problem,3500,2026-09-25T21:19:40+05:30,Regular,False,False,Kerala,Karuvanthuruthy,Kaladundi,6,Other Brands,12.0,1.0,0.0,False,0,1,1
1852892154,Bicycle MTB with 21 gears,MTB bicycle with very good condition only 30 kms run.,12000,2026-09-17T18:59:54+05:30,Regular,True,False,Goa,Reis Magos,Verem,6,Other Brands,12.0,2.0,21.0,False,0,1,0
1856774235,cycle bahut badhiya hai ismein Koi Kami Nahin Hai,money problem,1200,2026-09-25T18:54:54+05:30,Regular,False,False,Uttar Pradesh,Anupshahr,Bharadwaj Colony,2,Atlas,12.0,1.0,0.0,False,0,1,1
1853765215,Suncross brand,Bicycle in good condition with 7 gear,6000,2026-08-26T17:52:44+05:30,Regular,False,False,Kerala,Kochi,Panangad,1,Other Brands,12.0,2.0,7.0,False,0,1,0
1856769426,The ultimate pro bikeing,Super bike ride feel bicycle,10500,2026-09-25T18:07:18+05:30,Regular,False,False,Tamil Nadu,Pollachi,Aaliya,12,Other Brands,12.0,0.0,0.0,False,1,1,1
1855908046,Huge hdt69 bicycle for sale,Gear cycle with switchable front suspension for sale,15000,2026-09-17T18:33:53+05:30,Regular,False,False,Karnataka,Bengaluru,Thirupalya,1,Other Brands,12.0,0.0,0.0,False,1,1,1
1856788157,Fat bike cycle ( FIRECATCHER),(Fat bike)cycle with working gear New cycle 2 month use Kari cycle hai (proper work hai ),9500,2026-09-25T21:27:11+05:30,Regular,False,False,Delhi,Delhi,Kishangarh,4,Other Brands,2.0,3.0,0.0,False,0,0,1
1855787637,26 inch new caycle,Only holssle,3500,2026-09-16T07:29:39+05:30,Regular,False,False,Andhra Pradesh,Kurnool,Lakshmi Gardens,2,Other Brands,12.0,3.0,0.0,False,0,1,1
1856771249,Hero big daddy fat bike,"Cycle Specifications:

*  Used very rarely — almost negligible usage.
* Tyres are in excellent condition.
* All gears are working perfectly.
* Dual disc brakes, both working properly.
* Handling is smooth and perfect.
* The colour has slightly faded because the cycle was kept in the same place for a long time under direct sunlight.
* Overall, the cycle is in very good mechanical condition.
* Very lightly used and well maintained.",8000,2026-09-25T18:24:05+05:30,Regular,False,False,Jammu & Kashmir,Srinagar,Haji Bagh,6,Hero,3.5,3.0,0.0,False,0,1,1
1856803391,Ranger Old,હીરો સાઇકલ urgent વેચવી છે,1000,2026-09-26T02:01:43+05:30,Regular,False,False,Gujarat,Anand,Pruthvi Society,1,Hero,3.5,0.0,0.0,False,1,1,1
1856769124,Brand New Cycle ( 2 days),Cycle height not matched to my hight,4500,2026-09-25T18:02:53+05:30,Regular,False,False,West Bengal,Habra,Sreepur,1,Hercules,0.1,3.0,0.0,False,0,0,1
1856762531,for the age of 12-14 years,Condition is all over good..left side break is broken and tier is puncture due to no use from long-term,1000,2026-09-25T16:58:03+05:30,Regular,False,False,Uttar Pradesh,Varanasi,Binan,4,Hero,3.5,0.0,0.0,False,1,1,1
1856772236,Normally bechna hai,"21, speed test",7500,2026-09-25T18:34:29+05:30,Regular,False,False,Madhya Pradesh,Ratlam,Arihant Parisar,3,Hero,3.5,0.0,0.0,False,1,1,1
1856763923,Good condition,I have other bicycle,4500,2026-09-25T17:12:09+05:30,Regular,False,False,Uttar Pradesh,Dhampur,Unknown,2,Other Brands,12.0,2.0,0.0,False,0,1,1
1856795994,Brand New Condition Bicycle &ndash; Only 1 Month Used (न्यू जैसी साइकिल,"नमस्ते! मैं अपनी साइकिल बेचना चाहता हूँ जो बिलकुल नई जैसी कंडीशन में है।
​उपयोग: केवल 1 महीना चलाई है।
​कंडीशन: 10/10 (कोई डैमेज नहीं, कोई स्क्रैच नहीं)।
​सर्विस: ऑल ओके, ब्रेक और टायर एकदम नए जैसे हैं।
​वजह: इस्तेमाल न होने के कारण बेच रहा हूँ।
​कीमत: ₹ [यहाँ अपनी कीमत लिखें] (थोड़ा-बहुत नेगोशिएबल / बातचीत हो सकती है)
​गंभीर खरीदार ही संपर्क करें। साइकिल देखने के लिए मैसेज करें।",3000,2026-09-25T22:53:54+05:30,Regular,False,False,Punjab,Ludhiana,Adarsh Colony,1,Trek,1.0,3.0,0.0,False,0,0,1
1856793382,Coler black,Single speed,4200,2026-09-25T22:19:39+05:30,Regular,False,False,Uttar Pradesh,Barabanki,Rasauli,1,Leader,60.0,0.0,0.0,False,1,1,1
1855956301,Toronto Cycles Hybrid Bike &ndash; 21 Frame &ndash; Designed in Canada,"For sale: Toronto brand hybrid/city bicycle in good condition, olive green frame with 21"" frame size — suited for adult riders of average to tall height.
Key details:
Brand: Toronto (Designed in Canada)
Frame size: 21 inches
Color: Olive green with orange/grey/white accent stripe
Includes: Rear carrier rack, front basket, water bottle cage mount, handlebar grips
Frame type: Sturdy steel/alloy frame, well-suited for daily commuting or city rides
Condition:
Used, in working condition. Minor cosmetic wear visible on frame (normal for a used bike). Tires, brakes, and gears are functional.
Why buy this bike:
Great for daily commuting, errands (comes with rear rack + front basket for carrying items), and casual city riding.",25000,2026-09-19T21:07:30+05:30,Regular,False,False,Maharashtra,Mumbai,Bhandup West,12,Other Brands,12.0,2.0,0.0,False,0,1,1
1856768158,Want to sell cycle in good and unused condition,"I want to sell good and unused condition cycle , we are shifting so not required anymore",3600,2026-09-25T17:53:37+05:30,Regular,False,False,Maharashtra,Thane,Kalwa,6,Other Brands,12.0,0.0,0.0,False,1,1,1
1856654516,Good bicycle for boys and teen ages,"New tyre,with seven gear",3000,2026-09-24T15:58:51+05:30,Regular,False,False,Maharashtra,Pune,Chandan Nagar,2,Firefox,4.5,3.0,0.0,False,0,1,1
1856772473,Blue colour cycle average condition hai or thode paise lagane padege,Cycle mtb disck brake cycle average condition,3500,2026-09-25T18:36:57+05:30,Regular,False,False,Uttar Pradesh,Purquazi,Jhojha Area,6,Other Brands,12.0,0.0,0.0,False,1,1,1
1856776547,Bicycles sell,Urgent sell,2250,2026-09-25T19:18:06+05:30,Regular,False,False,Haryana,Faridabad,Saran,2,Other Brands,12.0,0.0,0.0,False,1,1,1
1856798855,Tungsten 21 speed gear 1 months old,Haven't Even used more than 10 days excellent condition no flaw.,7000,2026-09-25T23:43:17+05:30,Regular,False,False,Rajasthan,Jaipur,Mahindra SEZ,2,Other Brands,1.0,3.0,21.0,False,0,0,0
1856762205,For Sale:Steed Chainless 3-Speed Bicycle | ₹10K,"Matte Black with White finish, Aluminium 6061 frame, hydraulic disc brakes & suspension fork.
 Advanced shaft drive technology eliminates chain maintenance and delivers a smoother ride.
 Well-suited for fitness, endurance rides, and everyday commuting.",10000,2026-09-25T16:54:50+05:30,Regular,False,False,Karnataka,Bengaluru,Kumaraswamy Layout,7,Other Brands,12.0,0.0,0.0,False,1,1,1
1856792369,Ladies cycle for sell,1yrs used  cycle,3500,2026-09-25T22:07:55+05:30,Regular,False,False,Maharashtra,Ratnagiri,Lanjekar Nagar,1,Hero,3.5,0.0,0.0,False,1,1,1
1854185068,Raleigh cycle (imported cycle ),"I want to sell my cycle , it's a very good and running condition . Only 2 year old .",6000,2026-09-13T08:02:58+05:30,Regular,False,False,Uttar Pradesh,Lucknow,Sahara Estate Colony,4,Other Brands,24.0,2.0,0.0,False,0,0,1
1856765112,APPIGROW Fat Tyre Mountain Bicycle &ndash; Red & Black,"APPIGROW fat tyre bicycle sale ke liye available hai. Cycle achhi condition mein hai aur normal use hui hai. Red & black colour, wide fat tyres aur sporty design hai. Brakes aur gears working condition mein hain. Interested buyers contact karein. Price negotiable hai.",8999,2026-09-25T17:23:59+05:30,Regular,False,False,Uttar Pradesh,Maunath Bhanjan,Gahopur,7,Other Brands,12.0,2.0,0.0,False,0,1,1
1852400306,With gear.,"Bicycle with gear ,no use only 1month use.. accrual cost 25000i purchased",15000,2026-08-13T09:31:53+05:30,Regular,True,False,Gujarat,Ahmedabad,Panchavati Society,5,Firefox,1.0,0.0,0.0,False,1,0,1
1856781473,&ldquo;अच्छी हालत में साइकिल बिक्री के लिए&rdquo;,“साइकिल अच्छी हालत में है और बिक्री के लिए उपलब्ध है। इच्छुक व्यक्ति संपर्क करें।”,1000,2026-09-25T20:07:50+05:30,Regular,False,False,Himachal Pradesh,Palampur,Differpat,1,Hero,3.5,0.0,0.0,False,1,1,1
1856780864,Premium bicycle for sale_lightly used and ready to use,"Good condition and well maintained.smooth to ride and perfect for daily use, school, exercise,or short distance travel",4000,2026-09-25T20:01:18+05:30,Regular,False,False,Jharkhand,Dumka,Dudhani,2,Hero,3.5,2.0,0.0,False,0,1,1
1856761499,2 yr old bicycle,6yr to 10 yr child bicycle,3000,2026-09-25T16:48:01+05:30,Regular,False,False,Rajasthan,Jaipur,Dhaulai,1,Hercules,6.5,0.0,0.0,False,1,1,1
1856783363,Kids cycle new condition koi problem nahi hai (20&times;2.40) tyer size,Koi problem nahi hai,4000,2026-09-25T20:27:17+05:30,Regular,False,False,Delhi,Delhi,Kondli,9,Other Brands,12.0,3.0,0.0,False,0,1,1
1856790982,Hero kids cycle,If you interested only then message,3999,2026-09-25T21:51:25+05:30,Regular,False,False,Rajasthan,Jodhpur,Qadari Chowk,1,Hero,3.5,0.0,0.0,False,1,1,1
1856784130,Freego company ka hai iske speed 20 ha,Urgent sell,14000,2026-09-25T20:35:04+05:30,Regular,False,False,Haryana,Dharuhera,Bhagat Singh Chowk,4,Other Brands,12.0,0.0,0.0,False,1,1,1
1856788957,Calburn cycle,"Cycle calburn running condition 

Massage me on whatsapp",8000,2026-09-25T21:49:38+05:30,Regular,False,False,Telangana,Armur,Perkit,2,Other Brands,12.0,2.0,0.0,False,0,1,1
1856780808,Fat bike cycle,"Selling a fat bike cycle - adult size - 26 inch rims , new tyres , new gear levers and new cables , always kept at home 
I dont use it at all",14999,2026-09-25T20:00:42+05:30,Regular,False,False,Maharashtra,Mumbai,Andheri East,4,Other Brands,12.0,3.0,0.0,False,0,1,1
1856791120,HERCULES BLACK BICYCLE,"HERCULES BLACK BICYCLE WITH PUNCH OF YELLOW COLOUR IN GOOD CONDITION. With Dics brake and shocker , without any dent.",4000,2026-09-25T21:53:00+05:30,Regular,False,False,Delhi,Delhi,Devli,6,Hercules,6.5,2.0,0.0,False,0,1,1
1856797624,Firefox crusador 29,"Aluminium build 
Light weight bike
Offroading tyre 
Zoom suspension 
Shimano altus gear 
Dual disc 
Purchased in 2022 at 42k
Bill available",12000,2026-09-25T23:19:24+05:30,Regular,False,False,Haryana,Gurgaon,Vishnu Garden,4,Firefox,4.5,0.0,0.0,False,1,1,1
1856785956,ASTRA Artemis 27.5,"ASTRA Artemis 27.5 for sale
2 years old
Bought it for 16.5k 
Bill available 
In very good condition 
21 gears (3x7)
All gears working 
New seat installed recently 
New brake pads
Very less scratches
Very well maintained 
Less used or driven
Gives a very smooth ride",8999,2026-09-25T20:53:45+05:30,Regular,False,False,Karnataka,Bengaluru,JP Nagar Phase 5,6,Other Brands,12.0,3.0,21.0,False,0,1,0
1856791610,Disc brake single seat cycle,Conditions is very good new cycle used about 2 weeks,7500,2026-09-25T21:58:44+05:30,Regular,False,False,Delhi,Delhi,Karol Bagh,4,Other Brands,12.0,3.0,0.0,False,0,1,1
1856788333,"This is in good condition it only 2 years old , cash on delevery only",Skyfly cycle,3999,2026-09-25T21:40:56+05:30,Regular,False,False,Uttaranchal,Rudrapur,Fulsungi,2,Other Brands,24.0,2.0,0.0,False,0,0,1
1856770319,Mexia L-7 luxury -Well Maintained  For Sale,"I am selling my Mexia L-7 Luxury Cycle. The cycle is in good condition, well maintained, and ready to use. It has a stylish design and offers a comfortable riding experience. Suitable for daily use, exercise, and local rides.

Just 4 months old cycle

Reason for selling: Not in use.",5500,2026-09-25T18:16:07+05:30,Regular,False,False,Rajasthan,Jaipur,Jai Singh Pura Khor,1,Other Brands,12.0,2.0,0.0,False,0,1,1
1856791892,New cycle hai liya tha but abb nahi lena hai urgent sale karna hai,Low price ma de raha hu pls jaldi sa koi leleo,11111,2026-09-25T22:02:10+05:30,Regular,False,False,Bihar,Muzaffarpur,Chak Ahmad,5,Leader,60.0,3.0,0.0,False,0,1,1
1856766071,Bicycle on sell,Fantastic condition bycycle for the age 8to 12 years,4899,2026-09-25T17:35:36+05:30,Regular,False,False,Maharashtra,Thane,Dhokali,3,Other Brands,144.0,0.0,0.0,False,1,0,1
1856797208,Hercules cycle in new condition,Hercules cycle in new and amazing condition only need for money,2700,2026-09-25T23:12:30+05:30,Regular,False,False,Uttar Pradesh,Kanpur,Kalyanpur,3,Other Brands,12.0,3.0,0.0,False,0,1,1
1856800949,As good condition,It's urgent money required,3000,2026-09-26T00:31:28+05:30,Regular,False,False,Madhya Pradesh,Gwalior,Harishankar Puram,1,Hero,3.5,2.0,0.0,False,0,1,1
1856803645,Fit trip cycle,Gear cycle with advance features,10000,2026-09-26T02:15:20+05:30,Regular,False,False,Telangana,Hyderabad,Katora House,2,Hero,3.5,0.0,0.0,False,1,1,1
1856788568,Jaquar firecathcher,A brand new condition cycle with 21 gears for sale due to need of money,9500,2026-09-25T21:23:11+05:30,Regular,False,False,Delhi,Delhi,Jamia Nagar,9,Other Brands,12.0,3.0,21.0,False,0,1,0
1855810346,HUGE GEAR CYCLE,"Bought it for 25000 , great cycle , just dont cycle anymore",10000,2026-09-16T12:07:51+05:30,Regular,False,False,Punjab,Jalandhar,Shakti Nagar Near Vijay Nagar,2,Other Brands,12.0,0.0,0.0,False,1,1,1
1856797126,Good condition,4 years old only use 2 years,3000,2026-09-25T23:11:02+05:30,Regular,False,False,Gujarat,Ahmedabad,Vaishno Devi,2,Other Brands,48.0,2.0,0.0,False,0,0,1
1856783446,Roadeo Fugitive,Hercules roadeo Fugitive New cycle,12500,2026-09-25T20:28:07+05:30,Regular,False,False,Karnataka,Bengaluru,Muniswamy Gowda Layout,3,Hercules,6.5,3.0,0.0,False,0,1,1
1856766752,Bicycle latest model,Bicycle in best condition,3999,2026-09-25T17:41:56+05:30,Regular,False,False,Telangana,Hyderabad,Musheerabad,1,Vector 91,12.0,0.0,0.0,False,1,1,1
1856779264,Bacchon ki cycle,Bahut acchi condition,1800,2026-09-25T19:45:19+05:30,Regular,False,False,Uttar Pradesh,Meerut,Madhav Puram,4,Montra,12.0,0.0,0.0,False,1,1,1
1856762455,Milton 2 years old cycle,I have a petrol bike,2000,2026-09-25T16:57:22+05:30,Regular,False,False,Uttar Pradesh,Varanasi,Pandepur,2,Other Brands,24.0,0.0,0.0,False,1,0,1
1856781113,Appgrow Cycle with BMW Shape Rims,"Appgrow Company Cycle 
BMW shape stylish rims ke saath.
Cycle achhi condition mein hai aur properly working hai.
Stylish look aur comfortable ride ke liye suitable.
Interested buyers message karein.",12333,2026-09-25T20:04:25+05:30,Regular,False,False,Uttar Pradesh,Pilkhuwa,Mohan Nagar Colony,4,Other Brands,12.0,0.0,0.0,False,1,1,1
1856786426,Electric cycle,Electric cycle sale only 13000 only 1 year old new tire tube both only light and hond not working (charger free) 30km range,13000,2026-09-25T20:58:45+05:30,Regular,False,False,West Bengal,Teleni Para,Chhota Kanthalia,2,Hercules,12.0,3.0,0.0,False,0,0,1
1856788827,Boys 10 years,New cycle only 3 days,3000,2026-09-25T21:26:06+05:30,Regular,False,False,Maharashtra,Aurangabad,Central Naka Road,1,Other Brands,12.0,3.0,0.0,False,0,1,1
1855994435,Urban Terrain Cycle - UT7001S26,"Berlin Cycles for men and women with complete accessories Bicycle 26T (inch) Road cycle (Single speed, Blue, Rigid) 2023",5500,2026-09-23T10:04:18+05:30,Regular,False,False,Kerala,Chendamangalam,Puthenvelikkara,4,Other Brands,12.0,0.0,0.0,False,1,1,1
1856790663,HERO CYCLE IN GOOD CONDITION WE&#39;LL MAINTAIN,HERO CYCLE IN GOOD CONDITION WE'LL MAINTAIN CONTACT FOR MORE DETAILS,4000,2026-09-25T21:47:32+05:30,Regular,False,False,Telangana,Hyderabad,Bagh Amberpet,3,Hero,3.5,2.0,0.0,False,0,1,1
1856766365,Hero Bicycle( Good Condition ),"Hero bicycle
Good condition
2yrs old",4000,2026-09-25T17:36:11+05:30,Regular,False,False,Telangana,Wanaparthy,Nagavaram,3,Hero,3.5,2.0,0.0,False,0,1,1
1856396940,Cycle is in best condition,I am selling cycle,10500,2026-09-22T08:06:14+05:30,Regular,True,False,Karnataka,Ranebennur,Sri Ram Nagar,3,Other Brands,12.0,0.0,0.0,False,1,1,1
1856762261,HERO LECTRO C3I LIMITED EDITION,"ELECTRIC CYCLE WITH TUBELESS TYRE
ACCESSORIES:
2 × DECATHLON MIRRORS
1× SEAT COVER
FRONT AND BACK MIDGARD 
CYCLE CHARGER 
LOCK",17999,2026-09-25T16:57:35+05:30,Regular,False,False,Karnataka,Bengaluru,Pattanagere,12,Hero,3.5,0.0,0.0,False,1,1,1
1856785879,Mig Hero bicycle,Old mig Hero bicycle 26t,2999,2026-09-25T20:52:53+05:30,Regular,False,False,Maharashtra,Ahmadnagar,Kedgaon,1,Hero,3.5,0.0,0.0,False,1,1,1
1856774769,Cross cycle brand new,5 months used kross cycle,8000,2026-09-25T19:00:18+05:30,Regular,False,False,Delhi,Delhi,Sangam Vihar,1,Other Brands,5.0,3.0,0.0,False,0,0,1
1856762245,A one 5 year old,Tyre and colour condition is very good,2500,2026-09-25T16:55:15+05:30,Regular,False,False,Uttar Pradesh,Varanasi,Lacchipura,3,Other Brands,60.0,0.0,0.0,False,1,0,1
1856784679,Kids cycle,Kids cycle with handle in good condition very less used price negotiable,1600,2026-09-25T23:11:07+05:30,Regular,False,False,Maharashtra,Thane,Mumbra,3,Other Brands,12.0,2.0,0.0,False,0,1,1
1854609567,Fat Bike For Sale,"Want to sell
Reason: Grown Up
Price :12000, Original Was - 20000, I spent on Repairing - 8000 
Condition is good
New brakes Installed 
New gear shifter installed
New gearbox installed 
New back tyre installed 
Everything is working - Brakes and Gears",12000,2026-09-04T08:34:22+05:30,Regular,False,False,Maharashtra,Sasvad,Shri Swami Samarth Society,5,Other Brands,12.0,3.0,0.0,False,0,1,1
1855148422,Cycle sale karni hai,"Stryder cycle 
03 may 2026 ko li thi gear wali hai 
Demanding price 9500",9500,2026-09-25T09:51:01+05:30,Regular,False,False,Rajasthan,Jaipur,Surajpura,11,Other Brands,12.0,0.0,0.0,False,1,1,1
1856777594,Castello cycle 26 inch need minor repair,Cycle 26 inch rarely used,3000,2026-09-25T19:28:37+05:30,Regular,False,False,Maharashtra,Pune,Wadachi Wadi,2,Other Brands,12.0,0.0,0.0,False,1,1,1
1856767949,Used only for 3 months,3500 final price,3500,2026-09-25T17:51:44+05:30,Regular,False,False,Telangana,Hyderabad,Phool Bagh,4,Other Brands,12.0,0.0,0.0,False,1,1,1
1856786808,New cycle buyed before 1 month,"We are selling a kids cycle 
Size 26
Mexia gold company 
With bell
With basket
With stand
With tube less tyre",2800,2026-09-25T21:03:43+05:30,Regular,False,False,Telangana,Hyderabad,Ramanthapur,2,Other Brands,12.0,3.0,0.0,False,0,1,1
1856803722,Rock Rider,Selling a year old Rock Rider cycle in great condition with a set of lock.,4500,2026-09-26T02:19:24+05:30,Regular,False,False,Delhi,Delhi,Raja Garden,1,Btwin,6.0,0.0,0.0,False,1,1,1
1856798995,Toronto Bicycle for girls,"3 year old Toronto Bicycle 
For age Group bit ween 5 to 8
Good condition
Made In Canada 
Imported  bicycle

New cost 8500/-",2500,2026-09-25T23:46:12+05:30,Regular,False,False,Maharashtra,Nashik,Aditi Park Cooperative Housing Society,3,Other Brands,12.0,3.0,0.0,False,0,1,1
1856775924,Bicycle 21 gear,21 gear cycle.. in working condition,2999,2026-09-25T19:12:10+05:30,Regular,False,False,Jammu & Kashmir,Jammu,Rajpura,7,Hercules,6.5,2.0,21.0,False,0,1,0
1856784949,Schnell MTB 29 size,"2 year old geared cycle, condition - ok, only need to change wirings, all original Shimano gear",2500,2026-09-25T20:43:07+05:30,Regular,False,False,Maharashtra,Mumbai,Nalasopara West,3,Other Brands,24.0,0.0,0.0,False,1,0,1
1856768802,SCHNELL MOUNTAIN BICYCLE,"Selling my bicycle, which is in very good condition and has been well maintained. It is smooth to ride, comfortable, and perfect for daily commuting, fitness, cycling, and weekend rides.
✨ Key Features: • Excellent overall condition
• Smooth and comfortable ride
• Well-maintained and regularly cared for
• Strong and durable frame
• Brakes and gears working properly
• Tyres in good condition
• No major issues – ready to ride",8000,2026-09-25T18:23:02+05:30,Regular,False,False,Telangana,Hyderabad,Udamgadda,7,Other Brands,12.0,3.0,0.0,False,0,1,1
1856793386,Gang bycycle,Good condition,2000,2026-09-25T22:19:41+05:30,Regular,False,False,Jharkhand,Dhanbad,Purana Bazaar,12,Other Brands,12.0,2.0,0.0,False,0,1,1
1856783814,Merida scultura 300,"Road bike merida 300 
Groupset tiagra",46000,2026-09-25T20:31:47+05:30,Regular,False,False,Punjab,Bareta,Bahadurpur,9,Other Brands,12.0,0.0,0.0,False,1,1,1
1856770003,TORONTO(Red and Black),"21 gear
Perfect condition 
Good for tall people",10000,2026-09-25T18:11:30+05:30,Regular,False,False,Karnataka,Mangaluru,Kadri Village,2,Other Brands,12.0,0.0,21.0,False,1,1,0
1856772333,Acchi condition Mein Hai cycle,Hafta 15 din Mein Ek Bar Do Bar use hota hai cycle chalu condition mein hai,1200,2026-09-25T18:35:25+05:30,Regular,False,False,Maharashtra,Mumbai,Antop Hill,1,Hero,3.5,0.0,0.0,False,1,1,1
1851766267,3 Months old Firefox Bicycle Mint condition,"3 months old 21 speed firefox bicycle with all
Accessories",19000,2026-09-06T08:14:45+05:30,Regular,False,False,Gujarat,Ahmedabad,Nigam Nagar,10,Firefox,3.0,3.0,21.0,False,0,0,0
1856760232,Good condition mava,Good condition mava cycle and boost the energy mava,6000,2026-09-25T16:35:24+05:30,Regular,False,False,Andhra Pradesh,Kakinada,Sarpavaram,6,Vector 91,12.0,2.0,0.0,False,0,1,1
1856776802,Cycle for sale,Bicycle for kids as well for elder,2500,2026-09-25T19:20:47+05:30,Regular,False,False,Madhya Pradesh,Bhopal,Aakriti Ecocity,1,Other Brands,12.0,0.0,0.0,False,1,1,1
1856763015,New bicycle,New bicycle ,12000,2026-09-25T17:03:04+05:30,Regular,False,False,Odisha,Bhubaneshwar,Unit 5,1,Bsa,12.0,3.0,0.0,False,0,1,1
1856768824,Cycle + 2 Tables + Stool for Sale & 5litre cylinder; Good Condition,"Cycle ke saath 2 table, 1 stool aur 5 litre cylinder sale ke liye hai. Sabhi items used hain but condition theek hai aur daily use ke liye bilkul sahi hain. Saara samaan ek saath reasonable price mein dena hai.

Jisko lena ho, message ya call karke details aur price ke baare mein baat kar sakte hain.",8000,2026-09-25T18:01:38+05:30,Regular,False,False,Uttar Pradesh,Varanasi,Chhittupur,8,Hero,3.5,2.0,0.0,False,0,1,1
1849153001,Cycle in good condition,"As son grown up
Selling available cycle",3200,2026-09-15T04:38:16+05:30,Regular,False,False,Tamil Nadu,Chennai,Villivakkam,4,Other Brands,12.0,2.0,0.0,False,0,1,1
1856782063,Cycle for beginners,"Kids cycle for night walk 
And just 1 year old .

Iron frame,good brake condition, rubber wheels so NO JHAN-JHAT of filling air again & again.

A carrier at the back 

With support wheels.

And It's just for 1-4 age group.",900,2026-09-25T20:13:43+05:30,Regular,False,False,Maharashtra,Pune,Vishrant Wadi,2,Other Brands,12.0,0.0,0.0,False,1,1,1
1856774604,MAC CITY BICYCLE,Bicycle in very good condition with gel cover on seat.,3000,2026-09-25T18:58:27+05:30,Regular,False,False,Gujarat,Vadodara,Akota,3,Hero,3.5,2.0,0.0,False,0,1,1
1856787990,In condition,Firefox cycle,9999,2026-09-25T21:16:58+05:30,Regular,False,False,Andhra Pradesh,Rajahmundry,Appm Township,2,Other Brands,12.0,0.0,0.0,False,1,1,1
1852367758,Ride Strong. Ride Hercules. हर सफ़र बने शानदार Hercules के साथ,"“Hercules bicycle in excellent condition, perfect for daily commuting, fitness, and casual rides. Strong, comfortable, stylish, and built for a smooth and reliable ride.”

1. Simple & Attractive
“Selling a Hercules bicycle in good condition. Strong, stylish, comfortable, and perfect for daily rides, school, fitness, and exploring around the city.”
2. Short & Catchy
“Reliable Hercules cycle in great condition — smooth ride, sturdy build, and comfortable for everyday use.”
3. Premium Style
“Classic Hercules bicycle with a strong build and comfortable riding experience. A great choice for daily commuting, fitness, and leisure rides.”
4. Buyer-Friendly
“Good-quality Hercules cycle available for sale. Well-maintained and ready to ride. Perfect for anyone looking for a dependable bicycle at a reasonable price.”
5. Marketplace Style
“Hercules cycle for sale  Good condition, sturdy frame, comfortable ride, and suitable for daily use. Serious buyers can contact for details.”


• ️ Gear Cycle – Smooth and easy gear shifting
•  Good Height – Comfortable for taller riders
•  Strong & Durable – Sturdy build for everyday use
• ️ Easy on Slopes – Gears make uphill riding easier
•  Smooth & Comfortable Ride – Great for daily use and long rides",15000,2026-09-06T16:28:37+05:30,Regular,False,False,Rajasthan,Jodhpur,Chandpol,5,Hercules,6.5,3.0,0.0,False,0,1,1
1856777326,Cycle yatra,Cycle yatra,5000,2026-09-25T19:26:04+05:30,Regular,False,False,Rajasthan,Khairthal,Mundawar,1,Other Brands,12.0,0.0,0.0,False,1,1,1
1856710860,Hero Sprint good condition cycle for sell,Hero Sprint bycycle for 8-10year old kid,5000,2026-09-25T10:24:31+05:30,Regular,False,False,Rajasthan,Bikaner,Basant Kunj Colony,4,Hero,3.5,2.0,0.0,False,0,1,1
1856763778,Kids Bicycle,"Selling kids bicycle
2.5 years old
Rarely ridden 
very silent and smooth in running 
Pickup location- Spaze Privvy, Sector 93, Gurgaon 
Contact for more details",2500,2026-09-25T17:10:39+05:30,Regular,False,False,Haryana,Gurgaon,Sector 93,1,Other Brands,12.0,0.0,0.0,False,1,1,1
1855134538,Schnell Sierra Cycle  & Excellent Condition,"Schnell Sierra Cycle, purchased around 1 year ago and very lightly used. It is in excellent condition, well maintained, and ready to ride.
-Bigger-size frame, comfortable for longer rides
-Ideal for city rides, fitness, and weekend cycling.
-21gear Cycle disc suspension.
-Suitable for hiking/mountain trails and outdoor rides
-Comes with an extra bottle holder
-Very little usage and kept in good condition
-No major issues; smooth and ready to go

Daily city/commute rides

 Fitness and exercise

 Weekend cycling

️ Outdoor rides

⛰️ Suitable for hiking/mountain-trail type cycling, depending on trail conditions and the rider's experience

 Longer recreational rides and casual touring

The cycle has seen very little usage and has been stored and maintained properly. The tyres, frame, brakes, and gears are in good working condition, and the cycle provides a smooth and stable ride.",16500,2026-09-20T21:53:35+05:30,Regular,False,False,Karnataka,Bengaluru,Babusapalaya,11,Scott,12.0,3.0,21.0,False,0,1,0
1856777936,"Hero jet cycle for kids,","Good condition cycle for under 10 years children at near Gobra-1 , 3E avinash Choudhury lane kolkata 700046",1350,2026-09-25T19:32:01+05:30,Regular,False,False,West Bengal,Kolkata,Park Circus,2,Hero,3.5,2.0,0.0,False,0,1,1
1844333189,Viper X - 101 bicycle,"It is in good condition,  Kindly of new.",8000,2026-09-25T20:55:10+05:30,Regular,False,False,Punjab,Kharar,Khanpur,1,Vector 91,12.0,3.0,0.0,False,0,1,1
1856781286,Hero Next 24T,Hero Next 24T Single Speed Mountain Bicycle for Mens with Inbuilt Carrier | Red-Black | Rigid | V Brake | Steel Frame : 15.5Inches,6000,2026-09-25T20:05:52+05:30,Regular,False,False,Telangana,Hyderabad,Pragathi Nagar,4,Hero,3.5,0.0,0.0,False,1,1,1
1856781390,Gear cycle,Gear cycle,9500,2026-09-25T20:06:54+05:30,Regular,False,False,Andhra Pradesh,Vijayawada,Geeta Nagar,7,Other Brands,12.0,0.0,0.0,False,1,1,1
1856801743,Toronto (Canada brand) Unique model 2025,One of the best model in toronto with front and back gears and also has disc brakes with excellent condition...u can drive upto 100km daily.,19000,2026-09-26T00:52:55+05:30,Regular,False,False,Andhra Pradesh,Vijayawada,Nagedhar Nagar,3,Other Brands,12.0,3.0,0.0,False,0,1,1
1853784375,Urban Terrain," Urban Terrain MTB Cycle for Sale – ₹14,000

Well-maintained Urban Terrain Mountain Bike available for sale in excellent condition. The cycle has a strong and stylish MTB design, comfortable tyres, front suspension and reliable braking setup, making it suitable for daily rides, fitness, school/college commuting and weekend cycling.

 Original Buying Price: ₹20,000
 Selling Price: ₹14,000 only
 Save ₹6,000 compared with the original purchase price!

The cycle has been used carefully and is in good overall condition. The attractive yellow-and-black colour combination gives it a sporty look, while the sturdy frame and wide MTB tyres make it comfortable for regular riding.

Why this is a good deal:

- Strong Urban Terrain MTB frame
- Sporty and attractive design
- Front suspension for better comfort
- Wide MTB tyres with good grip
- Reliable braking system
- Suitable for daily use and fitness
- Carefully maintained
- Original purchase price was ₹20,000
- Selling for just ₹14,000

Price: ₹14,000 (slightly negotiable for a genuine buyer)

A good opportunity to get a premium-looking Urban Terrain MTB at a much lower price than its original purchase price. ‍️",14000,2026-08-26T15:48:05+05:30,Regular,False,False,West Bengal,Medinipur,Rabindra Nagar,5,Other Brands,12.0,3.0,0.0,False,0,1,1
1856771194,Bohut acchi h kmm use ki hui h,Sale ke liye h,2000,2026-09-25T18:23:32+05:30,Regular,False,False,Uttar Pradesh,Shamli,Patel Nagar,2,Other Brands,12.0,0.0,0.0,False,1,1,1
1856781191,Brand new tyre,New tyre almost new ring,2500,2026-09-25T20:04:57+05:30,Regular,False,False,West Bengal,Durgapur,Faridpur,2,Hercules,6.5,3.0,0.0,False,0,1,1
1854603443,Kids Cycle with Backside Handal,Kids Cycle with Backside Handal,2700,2026-09-04T21:17:53+05:30,Regular,False,False,Delhi,Delhi,Kanhiya Nagar,4,Other Brands,12.0,0.0,0.0,False,1,1,1
1856768453,Premium Bicycle for Sale &ndash; Like-New Condition!,"Enjoy a smooth ride with this well-maintained, stylish bicycle. It is the perfect and affordable choice for your daily commute or fitness routine.",5000,2026-09-25T17:56:19+05:30,Regular,False,False,Gujarat,Surat,Shiv Darshan Society,4,Other Brands,12.0,3.0,0.0,False,0,1,1
1856767031,Fogger Cycle for Sale - Excellent Condition (RS 2500),"Brand: Fogger
Condition: Good / Well-maintained
Price: ₹2,500
Selling my Fogger cycle as it is lying unused at home. It is in good working condition and ready to ride.
.
 Reason for selling: Unused at home
.
Only serious buyers contact me. Direct message for more details.",2500,2026-09-25T17:42:44+05:30,Regular,False,False,Punjab,Ludhiana,Kashmiri Nagar,4,Other Brands,12.0,3.0,0.0,False,0,1,1
1856786624,Funkier 27.5,New cycle no use orignal funkier cycle two tyre disk brakes ane cycle lock free new cycle no use orignal brand no price compromise,7000,2026-09-25T21:01:13+05:30,Regular,False,False,Gujarat,Rajkot,Lal Bahadur Shastri Nagar,5,Other Brands,12.0,3.0,0.0,False,0,1,1
1856798018,Urgent sell,21 gear cycle 27 inch tyer,8500,2026-09-25T23:25:38+05:30,Regular,False,False,West Bengal,Siliguri,Fok Daibari,2,Other Brands,12.0,0.0,21.0,False,1,1,0
1856761412,Bycycle for 10 years child,Used bycycle Running condition,1800,2026-09-25T16:48:29+05:30,Regular,False,False,Telangana,Hyderabad,Safil Guda,3,Other Brands,12.0,2.0,0.0,False,0,1,1
1856801894,Folding cycle,Goal company 21spid ger new,12000,2026-09-26T00:57:41+05:30,Regular,False,False,Maharashtra,Nashik,Vishwakarma Chowk,1,Other Brands,12.0,3.0,0.0,False,0,1,1
1856790150,Sab thik ha,New ha koi dikkat nai ha,3500,2026-09-25T21:41:51+05:30,Regular,False,False,Uttar Pradesh,Meerut,Shambhu Nagar,3,Other Brands,12.0,3.0,0.0,False,0,1,1
1856765837,Hero hawk cycle for sale,Hero hawk cycle for daily use and for cycle sport available for sale at very reasonable price.,2900,2026-09-25T17:47:59+05:30,Regular,False,False,Uttaranchal,Roorkee,Dandhera,3,Hero,3.5,0.0,0.0,False,1,1,1
1856792937,battel-gang,child  cycle,1400,2026-09-25T22:14:29+05:30,Regular,False,False,Bihar,Anwari,Darwan,3,Btwin,6.0,0.0,0.0,False,1,1,1
1856773285,Hercules Top Gear Fat Bike,"Hercules top gear fat bike
- Price negotiable 
- Shimano 21 gears 
-Disc breaks
-Aluminium frame with inbuild paint
-Tyre condition is good
-Everything is alright in the cycle",17000,2026-09-25T18:45:19+05:30,Regular,False,False,Uttar Pradesh,Varanasi,Lanka,6,Hercules,6.5,0.0,21.0,False,1,1,0
1856774540,Old model but very good condition,For my Emergency,2999,2026-09-25T18:57:57+05:30,Regular,False,False,Karnataka,Bengaluru,Shanthi Nagar,3,Other Brands,12.0,2.0,0.0,False,0,1,1
1856787527,Good condition,Hero cycle,1050,2026-09-25T21:11:32+05:30,Regular,False,False,Karnataka,Kundapura,Thekkatte,2,Hero,3.5,2.0,0.0,False,0,1,1
1856784851,Gud condistion children laye,Koi problem nahi other new cycle,1000,2026-09-25T20:42:09+05:30,Regular,False,False,Punjab,Nabha,Hari Dass Colony,2,Hercules,6.5,3.0,0.0,False,0,1,1
1856769113,Hero sprint blend,"Mountain bike , new tyres, High quality gear⚙️",8499,2026-09-25T18:02:48+05:30,Regular,False,False,Kerala,Kannur,Manna,6,Hero,3.5,3.0,0.0,False,0,1,1
1856591541,Arun&#39;s FAT BICYCLE IN RED COLOUR,"selling Arun's FAT BICYCLE IN RED COLOUR.Details given below÷
1 boths tyre are new
2 IN red COLOUR 
3 break are ok condition 
4 without gear 
5 very used loss",7000,2026-09-23T22:20:04+05:30,Regular,True,False,Haryana,Gurgaon,Sector 37C,7,Other Brands,12.0,3.0,0.0,False,0,1,1
1856760217,Cycle sell,Sell this cycle everything is ok,11000,2026-09-25T16:35:19+05:30,Regular,False,False,Delhi,Delhi,Andheria Mor,3,Other Brands,12.0,0.0,0.0,False,1,1,1
1856796795,Exercise bycycle,Exercise byclcle,4000,2026-09-25T23:06:08+05:30,Regular,False,False,Uttar Pradesh,Varanasi,Ranipur Colony,1,G Sports,4.0,0.0,0.0,False,1,1,1
1856769735,All good condition hai bas 2 3 chiz new dalegi baki ok hai ek dum,BTWIN cycle,3500,2026-09-25T18:08:37+05:30,Regular,False,False,Uttar Pradesh,Behta Hazipur,Harish Nagar,5,Btwin,6.0,3.0,0.0,False,0,1,1
1856790568,Matrox Thunder mountain bicycle,"Design - Charcoal grey and teal (halka hara) dual tone frame.
Brakes - dono wheels me dual disc brakes.
Suspension - Khaddo rastron ke liye suspension.
Tires - MTB Tyres.
Extra - water bottle holder aur front me mudguard laga hai.",3999,2026-09-25T23:12:01+05:30,Regular,False,False,Madhya Pradesh,Gwalior,Naya Bazar,3,Other Brands,12.0,0.0,0.0,False,1,1,1
1856774090,Rockrider s 51 mountain bike with accessories,"This gear bike is in good condition, almost unused. With foam seat cover and water bottle holder only.",10000,2026-09-25T18:54:34+05:30,Regular,False,False,Chhattisgarh,Raipur,Thakurpara Kota,5,Other Brands,12.0,2.0,0.0,False,0,1,1
1856785041,Gear bicycle,"Fully good condition, all gear are working colour is black and green.",4000,2026-09-25T20:45:03+05:30,Regular,False,False,Assam,Dibrugarh,Tekela Chiring,3,Other Brands,12.0,2.0,0.0,False,0,1,1
1856797921,Cycle khub valo condition,Khub valo condition,6500,2026-09-25T23:24:09+05:30,Regular,False,False,West Bengal,Kolkata,Subhasgram,5,Hrx,6.0,0.0,0.0,False,1,1,1
1856781441,​B&#39;TWIN (Decathlon) Bicycle in Excellent Condition - Well Maintained!,"Decathlon B'TWIN Bicycle for Sale!
​Brand / Model: B'TWIN (Decathlon)
​Age: 3.5 Years Old
​Condition: Excellent working condition, regularly serviced and very well maintained.
​Features: Smooth gear shifting, sturdy frame, comfortable seat cover, original mudguards, and wheel reflectors for safe riding.
​Price: ₹4,500.
​Reason for Selling: Not using much anymore.
​Interested buyers can chat. Pick-up location: Cosmopolis, khandagiri",4500,2026-09-25T20:12:04+05:30,Regular,False,False,Odisha,Bhubaneshwar,Kaibalya Vihar,3,Btwin,60.0,3.0,0.0,False,0,0,1
1856799195,Bicycle best brand super fast strong material,Best brand bicycle,4000,2026-09-25T23:48:43+05:30,Regular,False,False,Delhi,Delhi,Brahmpuri,1,Other Brands,12.0,0.0,0.0,False,1,1,1
1856803295,Good condition cycle 20 inch,Good condition cycle 20 inch,2500,2026-09-26T01:56:59+05:30,Regular,False,False,Maharashtra,Nagpur,Sadiqabad Colony,4,Other Brands,12.0,2.0,0.0,False,0,1,1
1856801878,21 gear bicycle 2 year old few used,"21 gear bicycle 2 year old few used 
26 inches cross brand",8000,2026-09-26T00:57:07+05:30,Regular,False,False,Maharashtra,Solapur,Indira Nagar Near Ganesh Nagar,6,Other Brands,24.0,0.0,21.0,False,1,0,0
1856782790,Meri cycle gear wali hai lekin uske gear kharab hai,Space nhi hai rakhne ke liye,2000,2026-09-25T20:21:08+05:30,Regular,False,False,Delhi,Delhi,Mangolpuri,6,Leader,60.0,0.0,0.0,False,1,1,1
1856788267,5 year Age with Good Condition,A Girl Bicycle,2500,2026-09-25T21:19:57+05:30,Regular,False,False,Gujarat,Mahesana,Chamunda Nagar,1,Other Brands,12.0,2.0,0.0,False,0,1,1
1856765999,Dripp Funkier,It’s a bicycle for boys,7000,2026-09-25T17:32:58+05:30,Regular,False,False,Tamil Nadu,Madurai,Pasupathi Nagar,4,Other Brands,12.0,0.0,0.0,False,1,1,1
1856767002,Sahara company Ki cycle h,Only 3 months old  brand new condition,4500,2026-09-25T17:43:36+05:30,Regular,False,False,Madhya Pradesh,Bhopal,Aish Bagh Housing Board Colony,5,Other Brands,3.0,3.0,0.0,False,0,0,1
1856780906,Decathlon Rock rider ST40 series mountain bike,"Selling my Rockrider mountain bike, bought less than 6 months ago and lightly used. Like-new condition with barely any marks. Black frame with orange/white accents, front suspension fork, multi-speed gears (front and rear derailleur), knobby off-road tires with good grip. No mechanical issues, rides smoothly. Great for city commuting or light trails.
[25/09, 19:58] Krishna: Original price: ₹23,000. Selling at ₹18,000 (negotiable) — air pump included free. Not in use, hence selling.
Location: Gomti Nagar Extension, Lucknow.
[25/09, 19:58] Krishna: Original price: ₹23,000. Selling at ₹15,000 (negotiable) — air pump included free. Not in use, hence selling.
Location: Gomti Nagar Extension, Lucknow.",15000,2026-09-25T20:01:46+05:30,Regular,False,False,Uttar Pradesh,Lucknow,Outer Ring Road Kisan Path,3,Btwin,6.0,3.0,0.0,False,0,0,1
1856791554,Caya cycle for sale in brand new condition very less used in perfect,Brand new condition,7900,2026-09-25T22:02:09+05:30,Regular,False,False,Uttar Pradesh,Bareilly,City Heart Colony,2,Other Brands,12.0,3.0,0.0,False,0,1,1
1856794855,Hero cycle for 4 to 8 yrs boy. Additional back rest installed.,Hero cycle for 4 to 8 yrs boy. Additional back rest installed. Fully working condition.,2500,2026-09-25T22:38:35+05:30,Regular,False,False,Tamil Nadu,Chennai,Nadukuthagai Ambedkar Nagar,7,Hero,3.5,2.0,0.0,False,0,1,1
1856773676,"Hero, 2022, 4 year",bycycle for kids,1500,2026-09-25T18:49:01+05:30,Regular,False,False,Haryana,Gurgaon,Garoli Kalan,1,Hero,3.5,0.0,0.0,False,1,1,1
1856770000,Hero Bicycle Red Colour for 13 - 14 years old childres,Ek dam ok hai hai Cycle ke conditions koi kharabi nahi hai red colour new Seat hai new break hain,1700,2026-09-25T18:11:26+05:30,Regular,False,False,Delhi,Delhi,Mustafabad,3,Hero,3.5,3.0,0.0,False,0,1,1
1852315768,Kross Xceed gear cycle,Brand new cycle in good condition,7000,2026-09-24T15:09:40+05:30,Regular,False,False,Uttar Pradesh,Ghaziabad,Vasundhara Sector 4,4,Other Brands,12.0,3.0,0.0,False,0,1,1
1856783735,A good condition bycycle  only 10 days old,Want money to go home ,6999,2026-09-25T20:47:18+05:30,Regular,False,False,Maharashtra,Navi Mumbai,Vashi,5,Hero,0.3,2.0,0.0,False,0,0,1
1854842796,Firefox Sigma 24 gear Cycle scratchless no fault original bill availab,"Selling urgently,new condition with shimano Tourney gears 21speed",19000,2026-09-21T07:14:18+05:30,Regular,False,False,Madhya Pradesh,Jabalpur,Karam Chand Chowk,3,Firefox,4.5,3.0,24.0,False,0,1,0
1856771954,In very good condition,Rockrider st50,5000,2026-09-25T18:31:28+05:30,Regular,False,False,Telangana,Hyderabad,Mallapur,1,Btwin,6.0,2.0,0.0,False,0,1,1
1856778536,A plus new not used,main ise chalata Nahin hun ghar per Khadi rahti hai isliye main ise Sel karna chahta hun or bus 7 din use kari thi,4000,2026-09-25T19:38:12+05:30,Regular,False,False,Uttaranchal,Dehradun,Sarswati Vihar,1,Other Brands,12.0,3.0,0.0,False,0,1,1
1856775378,For sale 1 month old,For sale sale for,2999,2026-09-25T19:06:33+05:30,Regular,False,False,Uttar Pradesh,Etawah,Vivek Vihar,8,Other Brands,1.0,0.0,0.0,False,1,0,1
1856765842,Avon retro,"Bicycle for adult, good condition, contact quick",3400,2026-09-25T17:58:58+05:30,Regular,False,False,Odisha,Bhubaneshwar,Rasulgarh,3,Other Brands,12.0,2.0,0.0,False,0,1,1
1856241956,Electric bicycle is for sale,"Electric bicycle for sale, along with bicycle, I want to give accessories of bicycles as free",15000,2026-09-23T12:09:00+05:30,Regular,False,False,Rajasthan,Jaipur,Tilak Nagar,1,Hero,3.5,0.0,0.0,False,1,1,1
1856775514,Best cycle,"Urgent contact 
Money problem",1200,2026-09-25T19:07:58+05:30,Regular,False,False,West Bengal,Kolkata,Maheshtala,7,Other Brands,12.0,1.0,0.0,False,0,1,1
1856768596,Meridian Crown,Brand new bycycle 1 day use urgent sell,5500,2026-09-25T18:00:22+05:30,Regular,False,False,Maharashtra,Pune,Lohegaon,3,Other Brands,0.0,3.0,0.0,False,0,0,1
1856791982,cassette sprocket,I sell cycle 9 speed gear cassette sprocket,1000,2026-09-25T22:03:23+05:30,Regular,False,False,West Bengal,Jhargram,Raghunathpur,3,Other Brands,12.0,0.0,9.0,False,1,1,0
1856781287,New cycle helmet,"cycle helmet 
new condition
Age - 9 - 10+",400,2026-09-25T20:06:30+05:30,Regular,False,False,West Bengal,Jiaganj Azimganj,Indrapuri,5,Other Brands,12.0,3.0,0.0,False,0,1,1
1856766979,Rock Rider Bicycle,1 month old cycle from decathion band new cycle,6850,2026-09-25T17:42:11+05:30,Regular,False,False,Telangana,Hyderabad,Krishna Nagar,1,Btwin,1.0,3.0,0.0,False,0,0,1
1856779655,Decathlon ST120,Bicycle light use,18000,2026-09-25T19:48:50+05:30,Regular,False,False,Kerala,Neduva,Parappanangadi,4,Other Brands,12.0,0.0,0.0,False,1,1,1
1856782793,Condition is good,Very good condition,10000,2026-09-25T20:21:10+05:30,Regular,False,False,Uttaranchal,Haldwani,Phool Chaur,4,Hercules,6.5,2.0,0.0,False,0,1,1
1856791911,Cycle for sell,Cycle for sell urgent,2000,2026-09-25T22:02:22+05:30,Regular,False,False,Uttar Pradesh,Allahabad,Allahpur,6,Other Brands,12.0,0.0,0.0,False,1,1,1
1856780196,NEO IPL Series cycle 26 no,This cycle is for sale,3200,2026-09-25T19:54:16+05:30,Regular,False,False,Bihar,Saharsa,Naya Bazar,6,Hero,3.5,0.0,0.0,False,1,1,1
1856796540,Good condition..,Need money.,1299,2026-09-25T23:02:06+05:30,Regular,False,False,Uttar Pradesh,Allahabad,Moirabad,4,Hercules,6.5,2.0,0.0,False,0,1,1
1856793978,Big cycle with big tyers in very good price only 10000,It's a very good cycle big size cycle with big tyers that is very reactive public to attract,10000,2026-09-25T22:27:17+05:30,Regular,False,False,Maharashtra,Pune,Uruli Devachi,5,Hercules,6.5,0.0,0.0,False,1,1,1
1856802635,SCOOty kharid li to cycle bechra hu,"10km chlta tha roj
Fully working with lock",3000,2026-09-26T01:46:39+05:30,Regular,False,False,Delhi,Delhi,Seelampur,2,Hero,3.5,0.0,0.0,False,1,1,1
1856776557,Cycle bahut badi hai din bhar ke ghar mein khada rahata Hai,Cycle bahut badhiya hai use nahin hota hai sirf teen bar ghar mein khada rahata Hai,7000,2026-09-25T19:18:12+05:30,Regular,False,False,Uttar Pradesh,Maunath Bhanjan,Sahadatpura,2,Hercules,6.5,0.0,0.0,False,1,1,1
1856777343,2 month&#39;s old 2026,Brand new bycycle ,9999,2026-09-25T19:26:10+05:30,Regular,False,False,Rajasthan,Jaipur,Udyog Nagar,4,Hercules,2.0,3.0,0.0,False,0,0,1
1856768400,Gen X 28 cycle suitable for 10-16 year,"Gen X 28"" cycle suitable for 10-16 year, adjustable seat, non gear, in very good condition",2250,2026-09-25T17:55:54+05:30,Regular,False,False,Delhi,Delhi,Tilak Nagar,3,Other Brands,12.0,2.0,0.0,False,0,1,1
1856801817,Tata stryder non gear cycle 1 year use urgent sell,Nog gear dual disk break hydrulic disk breaks front and rear,7000,2026-09-26T00:57:21+05:30,Regular,False,False,West Bengal,Kolkata,Agarpara,9,Other Brands,12.0,0.0,0.0,False,1,0,1
1856765140,1 month old,New cycle just 1 month old,4000,2026-09-25T17:24:12+05:30,Regular,False,False,Haryana,Gurgaon,Manesar Sector 1A,1,Other Brands,1.0,3.0,0.0,False,0,0,1
1856781532,Hero next 26t,Hero next 26t,7500,2026-09-25T20:12:06+05:30,Regular,False,False,West Bengal,Kolkata,Ganesh Chandra Avenue,3,Hero,3.5,0.0,0.0,False,1,1,1
1856775857,Hero cycle,Runing condition,1000,2026-09-25T19:11:32+05:30,Regular,False,False,Maharashtra,Mumbai,Andheri West,1,Hero,3.5,0.0,0.0,False,1,1,1
1856769918,Funkier Cycle for sale,22 inch or 24 inch cycle for sale,5000,2026-09-25T18:10:38+05:30,Regular,False,False,Punjab,Jalandhar,Kalkidhar Avenue,3,Other Brands,12.0,0.0,0.0,False,1,1,1
1856782005,1 year old,Not uses daily life!,3500,2026-09-25T20:13:08+05:30,Regular,False,False,Uttar Pradesh,Aligarh,Naibasti,7,Other Brands,12.0,0.0,0.0,False,1,0,1
1856763636,Cycle Girl,Bycycle gir girls,1200,2026-09-25T17:09:12+05:30,Regular,False,False,Maharashtra,Navi Mumbai,Shil Phata,1,Bsa,12.0,0.0,0.0,False,1,1,1
1856788166,Good conditions only gear problem all working,contect me,8000,2026-09-25T21:18:57+05:30,Regular,False,False,Haryana,Jhajjar,Talao Village,1,Hercules,6.5,2.0,0.0,False,0,1,1
1856796661,Mountain Gear Cycle for Sale,"✅ Good condition
✅ Front suspension
✅ Disc brakes
✅ Bottle holder
✅ Ready to ride
 Price: ₹6,000 (Negotiable)
 Bengaluru",6000,2026-09-25T23:04:02+05:30,Regular,False,False,Karnataka,Bengaluru,Hoodi,3,Other Brands,12.0,2.0,0.0,False,0,1,1
1856787709,Ham 2024 model,2024 model hai good cadition hai,7000,2026-09-25T21:13:38+05:30,Regular,False,False,Uttar Pradesh,Richha,Mohalla Guntia,4,Other Brands,12.0,0.0,0.0,False,1,1,1
1856786672,Children Bicycle.Anaval,Finle price 1500. village: Anaval,1500,2026-09-25T21:01:43+05:30,Regular,False,False,Gujarat,Bansda,Krushnakunj Society,6,Hero,3.5,0.0,0.0,False,1,1,1
1856798662,Electric cycle model name handstyle profx,Electric cycle model name handstyle profx,20000,2026-09-25T23:38:20+05:30,Regular,False,False,Karnataka,Hubballi,Desai Park,5,Hero,3.5,0.0,0.0,False,1,1,1
1856796751,Brand New Condition Bicycle.,"Hero Sprint Bicycle for Sale – Excellent Condition

• Red colour
• Almost brand new condition
• Rarely used & well maintained
• Comes with rear carrier, Non Gear 
• Smooth and ready to use
• No major scratches/damage
Price Negotiable - Only for genuine buyers.",5500,2026-09-25T23:05:29+05:30,Regular,False,False,Maharashtra,Pune,Lohegaon,4,Hero,3.5,3.0,0.0,False,0,1,1
1856771826,Rockrider ST50 Sport Trail,"Cycle is in good condition.
Not used much.

Bought for 18000.

Selling it as I’m not using it much",7500,2026-09-25T18:29:59+05:30,Regular,False,False,Karnataka,Bengaluru,Visveshwaraiah Industrial Estate,4,Other Brands,12.0,2.0,0.0,False,0,1,1
1856799343,Disc and suspension hero radiant cycle,"Urgent sale need money discount available...



Brand new cycle nice quality no scratch",16000,2026-09-26T00:01:29+05:30,Regular,False,False,Telangana,Hyderabad,Badichowdi,4,Hero,3.5,3.0,0.0,False,0,1,1
1853499036,Bicycles 2 nos for slale,"Hercules bycycle ls 2 nos less used  for sale in AVP Azhagammal nagar,new bus stand Thanjavur for sale.",18000,2026-08-23T16:23:57+05:30,Regular,False,False,Tamil Nadu,Thanjavur,AVP Azhagammal Nagar,2,Hercules,6.5,3.0,0.0,False,0,1,1
1836904905,New cycle ek dum best condition,Paiso ki dikkat ha isliye sell kar raha hu,2900,2026-09-25T23:17:13+05:30,Regular,False,False,Bihar,Patna,Lohanipur,8,Other Brands,12.0,3.0,0.0,False,0,1,1
1855985500,Brand new verry good condition,Not useful for me,5500,2026-09-18T07:25:48+05:30,Regular,False,False,Uttar Pradesh,Agra,Sikandra,5,Other Brands,12.0,3.0,0.0,False,0,1,1
1855652990,Jawa siluro 2,"Jawa Siluro 2 — Frame Size 50

For sale: Jawa Siluro 2 road bike, frame size 50 cm.

*  Model: Jawa Siluro 2
*  Frame size: 50 cm
* ⚙️ Type: Road bike
*  Colour: Black / dark grey
*  Condition: Used, with normal signs of use
*  Wheels: Aero-profile alloy wheels
* ️ Drop handlebars with integrated brake/shift levers
*  Front light included
*  Bottle cage included
*  Comfortable saddle
*  Actual bike shown in the photos",43000,2026-09-14T19:25:12+05:30,Regular,False,False,Kerala,Malappuram,Wandoor ,3,Other Brands,12.0,0.0,0.0,False,1,1,1
1856780261,Decathlon Rockrider ST 30 Bicycle - Good Condition,"Selling our Decathlon Rockrider ST 30 cycle, purchased three and a half years ago. It’s a well-maintained, reliable bike from Decathlon, and in perfectly good working condition.Key Features:
​Brand: Decathlon (Rockrider ST 30)
​Original Purchase Price: ₹12,000
​Asking Price: ₹4,000
​Age: 3.5 years old
​Condition: Good, working condition. Ideal for children/teens getting into cycling or for city commutes.
​Feel free to message me for more details. Location is Cosmopolis.",4000,2026-09-25T19:55:09+05:30,Regular,False,False,Odisha,Bhubaneshwar,Kaibalya Vihar,3,Other Brands,12.0,2.0,0.0,False,0,1,1
1856768898,Brand new cycle,Not used for 1 time even fully new with bill,2500,2026-09-25T18:00:37+05:30,Regular,False,False,Delhi,Delhi,New Moti Nagar,1,Leader,60.0,3.0,0.0,False,0,1,1
1856767040,Fat bike mota tyre cycle gear wali,Fat bike cycle,5000,2026-09-25T17:42:49+05:30,Regular,False,False,Uttar Pradesh,Suzabad,Domari,1,Other Brands,12.0,0.0,0.0,False,1,1,1
1856739472,Rockrider in excellent condition.,Bought it for daily exercise but couldn’t make it. Excellent condition. Recently service was done.,12000,2026-09-25T13:12:51+05:30,Regular,False,False,Haryana,Gurgaon,Golf Course Extn Road,1,Btwin,6.0,3.0,0.0,False,0,1,1
1856778560,Lal rang ki cycle,Cycle bech raha hun,4000,2026-09-25T19:38:27+05:30,Regular,False,False,Gujarat,Jamnagar,Samrath Nagar,5,Hero,3.5,0.0,0.0,False,1,1,1
1856779629,Avon bycycle jus a year old,Bycycle Avon 1 year old,7000,2026-09-25T19:48:34+05:30,Regular,False,False,Uttar Pradesh,Daurala,Sun City,4,Other Brands,12.0,0.0,0.0,False,1,0,1
1856770649,My Bike Btwin,Best Btwin cycle and +mudguard stand and + new wheel back site,6799,2026-09-25T18:20:27+05:30,Regular,False,False,Telangana,Hyderabad,Perizad Guda,5,Btwin,6.0,3.0,0.0,False,0,1,1
1854477840,"20&times;300 Rediable battery operated bicycle ,speed 50 to 60 km / ho","Electric foldable fat tyre bicycle for sale Smooth running ,hardly used , orange colour attractive foldable design,front light , brake light horn, 5 gear &  every thing  in this electric bicycle , purchase  price ₹ 36500 along with original bill .person is 80 years old he can not ride on bicycle because he has problem in leg  , so he want to sell urgently 
Available in Aligarh Shivpuri",32000,2026-09-18T23:03:47+05:30,Regular,True,False,Uttar Pradesh,Aligarh,Rasalganj,5,Other Brands,12.0,1.0,5.0,False,0,1,0
1856775209,A 29inch FROG brand cycle in a very good condition,"- FROG brand's cycle in a very good condition
- 29"", White coloured with disc brakes in both the wheels 
- 4 yerars old",7500,2026-09-25T19:13:10+05:30,Regular,False,False,Gujarat,Vadodara,New Alkapuri,3,Other Brands,12.0,2.0,0.0,False,0,1,1
1856763665,KROSs MAXiMLIS,Bicycle sale,6500,2026-09-25T17:09:27+05:30,Regular,False,False,Uttar Pradesh,Meerut,Tejgarhi,2,Other Brands,12.0,0.0,0.0,False,1,1,1
1854927527,Just 1 weeks use,Electric cycle,30000,2026-09-07T16:03:17+05:30,Regular,True,False,Karnataka,Udupi,Raman Block,4,Hercules,6.5,0.0,0.0,False,1,1,1
1856772227,Corrado V15,"Corrado V15.
Lightweight.
Smooth in riding.
Disk brakes are helpful in difficult circumstances
Good for adults and old age person.",10500,2026-09-25T18:34:24+05:30,Regular,False,False,Maharashtra,Pune,Ghorpadi,1,Other Brands,12.0,0.0,0.0,False,1,1,1
1856777087,Be fit and healthy,A bicycle with gear,9500,2026-09-25T19:23:45+05:30,Regular,False,False,Uttar Pradesh,Lucknow,Nishatganj,1,Other Brands,12.0,0.0,0.0,False,1,1,1
1856777413,HERCULES STREET CAT PRO 3.0,"6 -10+ yrs children bicycle/
Unused brand new look/
Fitted High lift handlebar with heavy duty brake levers/ Excellent condition /without single punchure till date",2800,2026-09-25T19:32:22+05:30,Regular,False,False,Tamil Nadu,Thiruvallur,Poonga Nagar,7,Hercules,6.5,3.0,0.0,False,0,1,1
1856781924,Two star heero,6 mah used top condition,2500,2026-09-25T20:18:05+05:30,Regular,False,False,Madhya Pradesh,Sonkatch,Sanwer,6,Other Brands,12.0,0.0,0.0,False,1,1,1
1856557423,Zoom vivelo,"Purchased in July,used for 2 months",3500,2026-09-23T16:47:44+05:30,Regular,True,False,Kerala,Ettumanoor,Kottam,2,Other Brands,12.0,0.0,0.0,False,1,1,1
1856780301,MTB sports cycle available for sale,MTB sports cycle with Gear 12+6 which multi shocker,12000,2026-09-25T19:55:35+05:30,Regular,False,False,Rajasthan,Jaipur,Talaiwai Dham,6,Ninety One,12.0,0.0,0.0,False,1,1,1
1856785651,Bycycle ਚਿਲਡਰਨ  8 ਤੋ 10 ਸਾਲ ਬਚਿਆਂ ਵੱਸਤੇ,Bicycle 8 ਤੋ 10 saal ke bachei,1600,2026-09-25T20:50:25+05:30,Regular,False,False,Punjab,Moga,Dunaka Village,4,Hero,3.5,0.0,0.0,False,1,1,1
1856772924,Cycle for sell,Btwin cycle for sell in top condition,4200,2026-09-25T18:41:41+05:30,Regular,False,False,Gujarat,Rajkot,Shree Ram Park,2,Btwin,6.0,0.0,0.0,False,1,1,1
1856775823,New cycle for sale just 3500,Newly bought cycle for sale. No co.pliants brand new condition. Interested plz contact. New brakes and seat cover added.,3500,2026-09-25T19:11:08+05:30,Regular,False,False,Kerala,Thiruvananthapuram,Kattakada,5,Leader,60.0,3.0,0.0,False,0,1,1
1856792751,MRJ trendy cycle for 8 to 10 years boys good condition,MRJ cycle only 2499 R.s,2499,2026-09-25T22:17:44+05:30,Regular,False,False,Gujarat,Junagadh,Ashoknagar,3,Hrx,6.0,2.0,0.0,False,0,1,1
1856795169,Gear cycle with good condition best for cycling with black and orange,Best cycle for age of 13+,2500,2026-09-25T22:42:43+05:30,Regular,False,False,Delhi,Delhi,Azad Nagar,1,Other Brands,12.0,2.0,0.0,False,0,1,1
1854100930,E motorad X2 Electric cycle,"Electric cycle new. 
horn, light,  and  mud guard
little used only.",16000,2026-08-30T14:15:34+05:30,Regular,False,False,Kerala,Tanalur,Unknown,2,Other Brands,12.0,3.0,0.0,False,0,1,1
1856794620,Hercules Streetcat Pro 3.0 Very good condition,2000 bolke time waste mt kriyega,3999,2026-09-25T22:35:29+05:30,Regular,False,False,Bihar,Patna,Samanpura,6,Hercules,6.5,2.0,0.0,False,0,1,1
1852401298,Hero sprint,1month use only ...,5000,2026-08-13T04:15:36+05:30,Regular,True,False,Gujarat,Ahmedabad,Panchavati Society,4,Hero,1.0,0.0,0.0,False,1,0,1
1856778418,Good condtion bicycles math city  new tyre smooth ride,Neq scooty purches,4500,2026-09-25T19:37:03+05:30,Regular,False,False,Madhya Pradesh,Gwalior,Gadda Wala Mohalla,4,Hrx,6.0,3.0,0.0,False,0,1,1
1856803038,Vesco Leopard 29t single gear,Vesco Leopard 29t single gear 10 days used bicycle available at very affordable price,6500,2026-09-26T01:42:11+05:30,Regular,False,False,West Bengal,Kolkata,Garden Reach,1,Other Brands,0.3,0.0,0.0,False,1,0,1
1856776316,Hero cycle for sale. Neat and clean and maintained,Geared cycle 3:7 gear ratio. Interested buyers contact. Price negotiable,9500,2026-09-25T19:22:00+05:30,Regular,False,False,West Bengal,Alipurduar,Suryanagar,2,Hero,3.5,0.0,7.0,False,1,1,0
1856791089,Emotorad doodle pro v3,Electric cycle,42000,2026-09-25T21:53:21+05:30,Regular,True,False,Kerala,Kochi,Kakkanad,2,Other Brands,12.0,0.0,0.0,False,1,1,1
1856795164,New Urban terrain 7 gear 3 months old cycle for sale,The cycle is brand new just three months old reason for selling is bought a bike and not riding nowadays you'll get airpump & bicycle lock with 2 keys with it even original box available.26 inches frame,8000,2026-09-26T00:22:53+05:30,Regular,False,False,Uttar Pradesh,Lucknow,Banthra,4,Other Brands,3.0,3.0,7.0,False,0,0,0
1856776420,Hero Kross Bicycle for Boys (6 to 8 yrs),"Model - Kross 20T Bicycle

1-Bicycle in Good Condition
2-Brakes Working Properly
3-Tyres In Good Condition
4-Comfortable For Daily Use
5-Suitable for Boys of Age 6-8 Yrs
6-Ideal for School and Recreational Rides
7-Reasonable Price

Price is negotiable
If interested please contact me via chat",3750,2026-09-25T19:16:46+05:30,Regular,False,False,Kerala,Kochi,CSEZ,2,Hero,3.5,2.0,0.0,False,0,1,1
1856773772,Sports cycle,Gear bicycle with big tries,20000,2026-09-25T18:49:54+05:30,Regular,False,False,Andhra Pradesh,Ongole,Bhagya Nagar,7,Other Brands,12.0,0.0,0.0,False,1,1,1
1856799315,Kids cycle age group 6 to 8,Kids cycle in good condition,2500,2026-09-25T23:51:21+05:30,Regular,False,False,Chandigarh,Chandigarh,Sector 47D,5,Other Brands,12.0,2.0,0.0,False,0,1,1
1856133500,"Bergamont Premium Geared Bicycle Sweap 3 i, Very Rarely Used","Key Features:

* Premium Bergamont frame
* Sporty and lightweight design
* Geared transmission for comfortable riding on different terrains (3*8 Shimano Altus)
* Disc brakes for better braking performance(Shimano hydraulic discs)
* Kenda tyres
* Strong and lightweight alloy wheels
* Comfortable saddle
* Bottle holder included
* Stylish black/grey finish with blue accents
* Gear and brake cables neatly routed along the frame
* Suitable for city rides, fitness, touring and recreational cycling

Condition: Very rarely used / lightly used
Reason for selling: Not using the bicycle regularly.

The bicycle has been kept carefully and is ready to ride. Serious buyers can inspect the bicycle in person.",42500,2026-09-19T15:36:56+05:30,Regular,False,False,Kerala,Kottuvally,Punjakuzhi,3,Other Brands,12.0,0.0,0.0,False,1,1,1
1856790780,2 month old,All things are very good only 5 times used,3500,2026-09-25T21:50:01+05:30,Regular,False,False,Delhi,Delhi,Dwarka Nasirpur Harijan Basti,3,Hero,2.0,0.0,0.0,False,1,0,1
1853694481,"Octane Springbok 6061 Alloy, 27.5","Bicycle with Shimano(Korean) gear in fresh new condition hardly used, tyres as good as new. Want to sell because it didn't serve our purpose and laying un used for more than a year. Attached with a few accessories ready for sell.
Price negotiable for sportsperson.",15000,2026-09-16T22:00:04+05:30,Regular,False,False,Assam,Guwahati,Jayanta Nagar,1,Hero,3.5,3.0,0.0,False,0,1,1
1856782519,1 year used,Good condition,7000,2026-09-25T20:18:20+05:30,Regular,False,False,Kerala,Ponnani,Unknown,2,Other Brands,12.0,2.0,0.0,False,0,0,1
1856766422,Callar thoda desmiss,Colar Thoda desmiss,8000,2026-09-25T17:36:51+05:30,Regular,False,False,Uttar Pradesh,Phulpur Azamgarh District,New Colony,3,Other Brands,12.0,0.0,0.0,False,1,1,1
1856763827,Kids cycle,Mode : hero sprint whistle,3500,2026-09-25T17:11:11+05:30,Regular,False,False,Tamil Nadu,Chennai,Nesapakkam MGR Nagar,4,Hero,3.5,0.0,0.0,False,1,1,1
1856787687,Brand new cycle good condition th&#39;s used onlyused only,Ready for the sale,7000,2026-09-25T21:13:28+05:30,Regular,False,False,Andhra Pradesh,East Godavari District,Unknown,5,Leader,60.0,3.0,0.0,False,0,1,1
1856772445,Kross Hunter Gear Cycle | Good Condition,"Kross Hunter gear cycle in good condition. Rear gears are working properly. The cycle has front and rear suspension and is suitable for daily riding , school and fitness. Tyres , brakes , chain and gear shifting are in working condition",3000,2026-09-25T18:36:39+05:30,Regular,False,False,Rajasthan,Jodhpur,Shree Hospital Chauraha,1,Other Brands,12.0,2.0,0.0,False,0,1,1
1856763218,Hero Bicycle,Hero sprint,4000,2026-09-25T17:05:01+05:30,Regular,False,False,Uttar Pradesh,Etawah,Civil Line,2,Hero,3.5,0.0,0.0,False,1,1,1
1856765542,Good condition,Good performance,3500,2026-09-25T17:28:18+05:30,Regular,False,False,Andhra Pradesh,Puttur,Cherlopalle,1,Hero,3.5,2.0,0.0,False,0,1,1
1856774158,Hero Rove Single Speed Mountain Bicycle for Mens with Inbuilt Carrier,"Hero Rove Single Speed Mountain Bicycle for Mens with Inbuilt Carrier


SEALED BOX, NOT USED.",6200,2026-09-25T18:55:17+05:30,Regular,False,False,Telangana,Hyderabad,Hitech City,1,Hero,3.5,0.0,0.0,False,1,1,1
1856795412,Bike cycle,Sall new model bike cycle,12000,2026-09-25T22:45:46+05:30,Regular,False,False,Uttar Pradesh,Meerut,Sadar Bazar,3,Other Brands,12.0,3.0,0.0,False,0,1,1
1856794627,Leader Bicycle,"Leader Gear Bicycle 
21 gears
Not used much
Just 1.5 years
Both Disc Brake",6000,2026-09-25T22:37:04+05:30,Regular,False,False,Maharashtra,Pune,Walhekarwadi,7,Leader,60.0,0.0,21.0,False,1,0,0
1856783051,Less usage,"No using 
No complaints
Good condition",10000,2026-09-25T20:23:58+05:30,Regular,False,False,Kerala,Malappuram,Melattur,4,Hercules,6.5,2.0,0.0,False,0,1,1
1856785441,STINGER 7 SPEED,"STINGER 7 SPEED
for sell 
7k price 
1month 
Ride 2 or 3 times",7000,2026-09-25T20:48:00+05:30,Regular,False,False,Arunachal Pradesh,Naharlagun,Sector D,2,Other Brands,1.0,0.0,7.0,False,1,0,0
1856764424,Neelam easyrider,Bicycles Neelam easyrider,2000,2026-09-25T17:17:12+05:30,Regular,False,False,Karnataka,Hiriyur,Pushpanjali,2,Other Brands,12.0,0.0,0.0,False,1,1,1
1856785110,Ninety one cycle,Bicycle newly bought,12000,2026-09-25T20:45:05+05:30,Regular,False,False,Karnataka,Bengaluru,Lakshmi Layout,4,Other Brands,12.0,3.0,0.0,False,0,1,1
1856782618,"Bicycle for Sale &ndash; Excellent Condition, Ready to Ride!","Bicycle for Sale

Selling my bicycle in good condition. It is well-maintained and suitable for daily use. Interested buyers can contact me for details and price.",3500,2026-09-25T20:19:20+05:30,Regular,False,False,Telangana,Hyderabad,Gandi Maisamma,2,Hero,3.5,3.0,0.0,False,0,1,1
1856795928,"Rockrider ST30, 7 speed cycle","Purchase in May 2025
Excellent condition, lightly used
added fittings and new seat cover",7999,2026-09-25T22:57:06+05:30,Regular,False,False,Kerala,Manjeri,Ernad,1,Btwin,6.0,3.0,7.0,False,0,1,0
1856794223,Brand new cycle...as new as picture shows,New cycle hai,4500,2026-09-25T22:30:30+05:30,Regular,False,False,Gujarat,Surat,Pal Patia Village,1,Other Brands,12.0,3.0,0.0,False,0,1,1
1856768260,Hero Ladies cycle in good condition,"Good condition Miss India ladies bicycle for sale. Stylish pink colour with front basket, rear carrier, mudguards, comfortable cushioned seat and stand. Suitable for daily use, school/college or local travel.",4000,2026-09-25T17:54:37+05:30,Regular,False,False,West Bengal,Durgapur,Sukanta Sarani Area,6,Hero,3.5,2.0,0.0,False,0,1,1
1856237203,Frog panther cycle 27.5  inches 2023 model,"I am selling my frog panther cycle with double side gears , front shockers and dual disc brakes and ABS ,  stock seat has been modified to a wide and comfortable seat which gives ultimate riding comfort. The cycle is ready to use from day one",8800,2026-09-21T12:37:43+05:30,Regular,False,False,Uttar Pradesh,Lucknow,Aliganj,4,Ninety One,12.0,0.0,0.0,False,1,1,1
1856775275,Best cycle atlas,Main Apni atlas  cycle bechna chahta hun mujhe paison ki Nind hai,2000,2026-09-25T19:41:39+05:30,Regular,False,False,Uttaranchal,Rudrapur,Police Colony Rudrapur,1,Atlas,12.0,0.0,0.0,False,1,1,1
1856800911,Cycles good candision bhai,Contect me,1500,2026-09-26T00:29:26+05:30,Regular,False,False,Uttar Pradesh,Aligarh,ADA Colony,2,Hero,3.5,0.0,0.0,False,1,1,1
1852562032,Well Maintained Cycle for Sale,"-Cycle details -
• 1 Year old, not used much during time period. 
• Well-maintained and taken care of properly. 
• No major issues/any damage and ready to ride. 
• Conditions is clearly visible in pictures. 
• Urgently for sale !!",6500,2026-09-14T08:34:51+05:30,Regular,False,False,Gujarat,Anjar,Meghpar Kumbhardi,8,Hero,12.0,1.0,0.0,False,0,0,1
1856781649,Sports cycle,I want to sell my cycle anyone need recycle contact me my cycle is an sports cycle,2000,2026-09-25T20:09:29+05:30,Regular,False,False,Assam,North Lakhimpur,Bar Pukhuri,1,Hero,3.5,0.0,0.0,False,1,1,1
1856768729,Cycle for Sale &ndash; Repair Required,"Cycle sale ke liye available hai. Cycle overall theek hai, lekin piche wala brake kharab hai aur repair karwana padega. Interested buyer condition dekhkar deal kar sakta hai. Price negotiable.",1200,2026-09-25T22:36:33+05:30,Regular,False,False,Delhi,Delhi,Parjapat Colony,2,Other Brands,12.0,0.0,0.0,False,1,1,1
1856785873,From Decathlon,"St 50 from Decathlon cycle for upto 12 yrs old 
Size 24 in a brand new condition",5500,2026-09-25T21:02:54+05:30,Regular,False,False,Jammu & Kashmir,Srinagar,Naupura Near Khyam,4,Triban,2.0,3.0,0.0,False,0,1,1
1856770272,Huge LHT 10 Mountain Cycle,Huge LHT 10 Moutain Cycle,11000,2026-09-25T18:14:46+05:30,Regular,True,False,Uttaranchal,Dehradun,Kishanpur,1,Other Brands,12.0,0.0,0.0,False,1,1,1
1856768218,11 month old Hercules Big cycle for adults,"New Hercules cycle, MRP Rs. 12000.. 11 month old Hercules Big cycle for adults for sale",4500,2026-09-25T17:54:17+05:30,Regular,False,False,Karnataka,Bengaluru,Bhoopasandra,2,Hercules,11.0,3.0,0.0,False,0,0,1
1856775562,Ambedkar Nagar singrouli pnjreh,Scooty kharidni hai,1500,2026-09-25T19:08:22+05:30,Regular,False,False,Madhya Pradesh,Singrauli,Panjreh,3,Adrenix,12.0,0.0,0.0,False,1,1,1
1856772859,Girls bicycle for sale,"Bicycle, with stand and basket, in good condition is available for sale",5000,2026-09-25T18:41:01+05:30,Regular,False,False,Uttar Pradesh,Noida,Sector 142,2,Firefox,4.5,2.0,0.0,False,0,1,1
1856789189,Cycle in good condition,A black cycle with new tube and tyre,2300,2026-09-25T21:30:39+05:30,Regular,False,False,Uttar Pradesh,Varanasi,Lanka,3,Other Brands,12.0,3.0,0.0,False,0,1,1
1856786910,Firefox bicycle,"Firefox bad attitude 
1.5 yr old 
New unused condition 
Serious buyer can messge me...",9900,2026-09-25T21:05:59+05:30,Regular,False,False,Odisha,Bhubaneshwar,Badagada,1,Firefox,4.5,3.0,0.0,False,0,1,1
1856789258,Model 2024 new cycle only 1.5 year ago cycle,Je kiso cycles cahia to is number pe call kare uregent,2200,2026-09-25T21:40:10+05:30,Regular,False,False,Punjab,Patiala,Hassanpur Prohtan,12,Other Brands,60.0,3.0,0.0,False,0,0,1
1856760300,Hero Sprint RX2 26T,Good condition,4000,2026-09-25T16:36:10+05:30,Regular,False,False,Gujarat,Godhra,Bhuravav,1,G Sports,4.0,2.0,0.0,False,0,1,1
1856791925,Decathlon Rockrider ST 100- Excellent condition,"Received as a company gift in 2023. Used only 2 times and kept mostly unused since then.

Selling because I already have two bikes and this one is not being used.

Excellent condition, as shown in the photos.
Location: Hyderabad
Price: ₹10,000 (slightly negotiable)
Genuine buyers can inspect the cycle before purchase.",10000,2026-09-25T22:02:37+05:30,Regular,False,False,Telangana,Hyderabad,KTR Colony,3,Other Brands,12.0,3.0,0.0,False,0,1,1
1856762583,Hero Sprint Howler cycles for sale,"Hero Sprint Howler cycles for sale. A pair of Hero Sprint Howler cycles brand new condition, for sale.",9999,2026-09-25T16:58:26+05:30,Regular,False,False,Maharashtra,Nagpur,Sitabuldi,4,Hero,3.5,3.0,0.0,False,0,1,1
1856790668,Hero bicycle on sell,Message only when you interested,4999,2026-09-25T21:47:37+05:30,Regular,False,False,Rajasthan,Jodhpur,Qadari Chowk,1,Hero,3.5,0.0,0.0,False,1,1,1
1856766681,Bicycle for sale,4 months old,1500,2026-09-25T18:00:57+05:30,Regular,False,False,Punjab,Kapurthala,Toop Khana,3,G Sports,4.0,0.0,0.0,False,1,0,1
1856779907,Brand new crusador,"2-3 weeks used cycle with luxury seats, lock and a pump too",21000,2026-09-25T19:51:22+05:30,Regular,False,False,Uttaranchal,Dehradun,Majra,3,Firefox,4.5,3.0,0.0,False,0,1,1
1855494563,Y 5 hero Automatic 60 km on 3 hrs charge,Bicycle hero automatic 60 km backup,25000,2026-09-15T06:46:19+05:30,Regular,False,False,Jammu & Kashmir,Khan Sahib,Sone Pah,6,Hero,3.5,0.0,0.0,False,1,1,1
1856765048,Hero next 2.0,I want to sell,3500,2026-09-25T17:23:21+05:30,Regular,False,False,Karnataka,Tumakuru,PH Colony,5,Hero,3.5,0.0,0.0,False,1,1,1
1856800733,Suncross cycle,"Suncross cycle 
All the gears are working 
Back tire is brand new brakes are also good 
Just a little bit of rusting on the handle bar",10000,2026-09-26T00:24:32+05:30,Regular,False,False,Maharashtra,Mumbai,Ushma Nagar,5,Other Brands,12.0,3.0,0.0,False,0,1,1
1856785266,It can be gud for 8 to 10 yrs old kid and cycle condition is very gud,Bicycle bsa,3000,2026-09-25T20:46:31+05:30,Regular,False,False,Uttar Pradesh,Ghaziabad,Crossings Republik,2,Bsa,12.0,0.0,0.0,False,1,1,1
1856797973,Gear cycle,"7 Gears , disk brakes , hartex tyre , soccup , in very well condition",9999,2026-09-25T23:24:59+05:30,Regular,False,False,Maharashtra,Navghar-Manikpur,Rahamat Nagar,3,Hrx,6.0,0.0,7.0,False,1,1,0
1856792804,4 month cycle,Just 3 months phala kharida hua hai,4500,2026-09-25T22:20:03+05:30,Regular,False,False,Uttar Pradesh,Varanasi,Maheshpur,3,Hero,4.0,0.0,0.0,False,1,0,1
1850135321,E Motorad X1,"Mint condition, use of only 3-4 months. Bill and all invoice available.
Modified/ added- aesthetic bell, mudguards, seat cushions.",24500,2026-09-21T19:05:17+05:30,Regular,False,False,Tamil Nadu,Nandivaram-Guduvancheri,Rajeshwari Nagar,5,Other Brands,4.0,3.0,0.0,False,0,0,1
1856768626,With gear bycyle,Front suspension front back disk break with gear brand new,8000,2026-09-25T23:19:05+05:30,Regular,False,False,Karnataka,Bengaluru,Marathahalli,1,Leader,60.0,3.0,0.0,False,0,1,1
1856792338,Hercules Vector 91 Thunder 26T MTB Cycle &ndash; Urgent Sale,"Hercules Vector 91 Thunder 26T MTB Cycle for sale.
✅ 26T MTB
✅ Front suspension
✅ Rear carrier & mudguards
✅ Brakes working
✅ Tyres in usable condition
⚠️ Seat has some damage, as shown in photos.
 Direct buyer preferred.
 Price negotiable for genuine bu",7000,2026-09-25T22:07:32+05:30,Regular,False,False,Tamil Nadu,Thanjavur,Balaganapathy Nagar,5,Hercules,6.5,1.0,0.0,False,0,1,1
